"study_id","scenario_id","method","metric","orientation","attempted_replicates","observed_replicates","failed_or_missing_replicates","conditional_mean","conditional_mcse","conditional_ci_low","conditional_ci_high","optimistic_failure_inclusive_mean","failure_penalty","failure_penalty_source","failure_penalized_mean","failure_rate","failure_rate_mcse","failure_rate_ci_low","failure_rate_ci_high","penalty_rule"
"bcpe_t_legacy_reconciliation","n500_d4","gamlss.longitudinal","fixed_effect_mse","lower_is_better",100,100,0,0.148125516579299,0.0181327415501076,0.11214622341684,0.184104809741758,0.148125516579299,1.07632017135681,"same_method_maximum_observed",0.148125516579299,0,0,0,0.0369934982069857,"missing loss uses the same method/metric maximum; an all-failed method uses the same scenario/metric maximum"
"bcpe_t_legacy_reconciliation","n500_d4","gamlss.longitudinal","mean_smooth_irmse","lower_is_better",100,100,0,0.0466858923431779,0.00119546750045963,0.0443138254636953,0.0490579592226606,0.0466858923431779,0.0961935530331974,"same_method_maximum_observed",0.0466858923431779,0,0,0,0.0369934982069857,"missing loss uses the same method/metric maximum; an all-failed method uses the same scenario/metric maximum"
"bcpe_t_legacy_reconciliation","n500_d4","gamlss.longitudinal","negative_test_log_score_per_obs","lower_is_better",100,100,0,0.776139358441584,0.00313894389777393,0.769911012749542,0.782367704133625,0.776139358441584,0.849020069361424,"same_method_maximum_observed",0.776139358441584,0,0,0,0.0369934982069857,"missing loss uses the same method/metric maximum; an all-failed method uses the same scenario/metric maximum"
"bcpe_t_legacy_reconciliation","n500_d4","gamlss.longitudinal","runtime_sec","lower_is_better",100,100,0,97.601424601078,1.99395997918038,93.6449754096034,101.557873792553,97.601424601078,193.132941007614,"same_method_maximum_observed",97.601424601078,0,0,0,0.0369934982069857,"missing loss uses the same method/metric maximum; an all-failed method uses the same scenario/metric maximum"
"bcpe_t_legacy_reconciliation","n500_d4","gamlss.longitudinal","variogram_score_p0.5","lower_is_better",100,100,0,0.715392502543826,0.00405363917947317,0.7073492029683,0.723435802119351,0.715392502543826,0.820744463518016,"same_method_maximum_observed",0.715392502543826,0,0,0,0.0369934982069857,"missing loss uses the same method/metric maximum; an all-failed method uses the same scenario/metric maximum"
"bcpe_t_legacy_reconciliation","n500_d4","gamlss.longitudinal","variogram_score_p2.0","lower_is_better",100,100,0,57.2961918540839,4.05589740956262,49.2484114601343,65.3439722480335,57.2961918540839,204.866972005466,"same_method_maximum_observed",57.2961918540839,0,0,0,0.0369934982069857,"missing loss uses the same method/metric maximum; an all-failed method uses the same scenario/metric maximum"
"bcpe_t_legacy_reconciliation","n500_d4","gamlss2","fixed_effect_mse","lower_is_better",100,100,0,0.00989433338476401,0.00060377143745157,0.00869631986368891,0.0110923469058391,0.00989433338476401,0.036488500310351,"same_method_maximum_observed",0.00989433338476401,0,0,0,0.0369934982069857,"missing loss uses the same method/metric maximum; an all-failed method uses the same scenario/metric maximum"
"bcpe_t_legacy_reconciliation","n500_d4","gamlss2","mean_smooth_irmse","lower_is_better",100,100,0,0.0639752886106752,0.00259735949188253,0.058821563877518,0.0691290133438324,0.0639752886106752,0.135155448905835,"same_method_maximum_observed",0.0639752886106752,0,0,0,0.0369934982069857,"missing loss uses the same method/metric maximum; an all-failed method uses the same scenario/metric maximum"
"bcpe_t_legacy_reconciliation","n500_d4","gamlss2","negative_test_log_score_per_obs","lower_is_better",100,100,0,1.19235777607189,0.0043844325795532,1.18365811062446,1.20105744151933,1.19235777607189,1.30016067275994,"same_method_maximum_observed",1.19235777607189,0,0,0,0.0369934982069857,"missing loss uses the same method/metric maximum; an all-failed method uses the same scenario/metric maximum"
"bcpe_t_legacy_reconciliation","n500_d4","gamlss2","runtime_sec","lower_is_better",100,100,0,4.52616270065308,0.152141097438084,4.22428175608347,4.82804364522268,4.52616270065308,12.7910940647125,"same_method_maximum_observed",4.52616270065308,0,0,0,0.0369934982069857,"missing loss uses the same method/metric maximum; an all-failed method uses the same scenario/metric maximum"
"bcpe_t_legacy_reconciliation","n500_d4","gamlss2","variogram_score_p0.5","lower_is_better",100,100,0,1.18511913591085,0.00963408763022303,1.16600301592189,1.20423525589981,1.18511913591085,1.47111415399157,"same_method_maximum_observed",1.18511913591085,0,0,0,0.0369934982069857,"missing loss uses the same method/metric maximum; an all-failed method uses the same scenario/metric maximum"
"bcpe_t_legacy_reconciliation","n500_d4","gamlss2","variogram_score_p2.0","lower_is_better",100,100,0,40881.9294839224,40639.9424767222,-39756.5332898868,121520.392257732,40881.9294839224,4064232.10535363,"same_method_maximum_observed",40881.9294839224,0,0,0,0.0369934982069857,"missing loss uses the same method/metric maximum; an all-failed method uses the same scenario/metric maximum"
"nbi_gaussian_legacy_reconciliation","n500_d4_nbi_signal2","gamlss","fixed_effect_mse","lower_is_better",100,100,0,0.0501625647960083,0.00139051428413832,0.047403482781998,0.0529216468100187,0.0501625647960083,0.101898949004102,"same_method_maximum_observed",0.0501625647960083,0,0,0,0.0369934982069857,"missing loss uses the same method/metric maximum; an all-failed method uses the same scenario/metric maximum"
"nbi_gaussian_legacy_reconciliation","n500_d4_nbi_signal2","gamlss","mean_smooth_irmse","lower_is_better",100,100,0,0.126125573893664,0.0027215940580395,0.120725340828365,0.131525806958963,0.126125573893664,0.208396418297143,"same_method_maximum_observed",0.126125573893664,0,0,0,0.0369934982069857,"missing loss uses the same method/metric maximum; an all-failed method uses the same scenario/metric maximum"
"nbi_gaussian_legacy_reconciliation","n500_d4_nbi_signal2","gamlss","negative_test_log_score_per_obs","lower_is_better",100,100,0,2.24515421344021,0.00372980966754834,2.23775346187167,2.25255496500875,2.24515421344021,2.36615559554292,"same_method_maximum_observed",2.24515421344021,0,0,0,0.0369934982069857,"missing loss uses the same method/metric maximum; an all-failed method uses the same scenario/metric maximum"
"nbi_gaussian_legacy_reconciliation","n500_d4_nbi_signal2","gamlss","runtime_sec","lower_is_better",100,100,0,1.36138480424881,0.111325082362957,1.14049168868748,1.58227791981014,1.36138480424881,5.61811685562134,"same_method_maximum_observed",1.36138480424881,0,0,0,0.0369934982069857,"missing loss uses the same method/metric maximum; an all-failed method uses the same scenario/metric maximum"
"nbi_gaussian_legacy_reconciliation","n500_d4_nbi_signal2","gamlss","variogram_score_p0.5","lower_is_better",100,100,0,4.90185415121864,0.0211825642209706,4.85982334821332,4.94388495422396,4.90185415121864,5.82661970979481,"same_method_maximum_observed",4.90185415121864,0,0,0,0.0369934982069857,"missing loss uses the same method/metric maximum; an all-failed method uses the same scenario/metric maximum"
"nbi_gaussian_legacy_reconciliation","n500_d4_nbi_signal2","gamlss","variogram_score_p2.0","lower_is_better",100,100,0,9335.124766934,354.106878049451,8632.49989683494,10037.7496370331,9335.124766934,27979.5116052,"same_method_maximum_observed",9335.124766934,0,0,0,0.0369934982069857,"missing loss uses the same method/metric maximum; an all-failed method uses the same scenario/metric maximum"
"nbi_gaussian_legacy_reconciliation","n500_d4_nbi_signal2","ours_rs_joint","fixed_effect_mse","lower_is_better",100,100,0,0.00827589172324785,0.000542281297046755,0.00719988798111941,0.00935189546537629,0.00827589172324785,0.0367292664929722,"same_method_maximum_observed",0.00827589172324785,0,0,0,0.0369934982069857,"missing loss uses the same method/metric maximum; an all-failed method uses the same scenario/metric maximum"
"nbi_gaussian_legacy_reconciliation","n500_d4_nbi_signal2","ours_rs_joint","mean_smooth_irmse","lower_is_better",100,100,0,0.0851667175478809,0.00207139941246155,0.0810566117201685,0.0892768233755932,0.0851667175478809,0.149837374706902,"same_method_maximum_observed",0.0851667175478809,0,0,0,0.0369934982069857,"missing loss uses the same method/metric maximum; an all-failed method uses the same scenario/metric maximum"
"nbi_gaussian_legacy_reconciliation","n500_d4_nbi_signal2","ours_rs_joint","negative_test_log_score_per_obs","lower_is_better",100,100,0,2.15848377718844,0.00979475770350515,2.13904885291646,2.17791870146041,2.15848377718844,2.85995431899531,"same_method_maximum_observed",2.15848377718844,0,0,0,0.0369934982069857,"missing loss uses the same method/metric maximum; an all-failed method uses the same scenario/metric maximum"
"nbi_gaussian_legacy_reconciliation","n500_d4_nbi_signal2","ours_rs_joint","runtime_sec","lower_is_better",100,100,0,414.92710930109,7.37900152208595,400.285569395185,429.568649206995,414.92710930109,618.928359031677,"same_method_maximum_observed",414.92710930109,0,0,0,0.0369934982069857,"missing loss uses the same method/metric maximum; an all-failed method uses the same scenario/metric maximum"
"nbi_gaussian_legacy_reconciliation","n500_d4_nbi_signal2","ours_rs_joint","variogram_score_p0.5","lower_is_better",100,100,0,4.09578102026679,0.0169993246618764,4.06205067210717,4.1295113684264,4.09578102026679,4.68655649609687,"same_method_maximum_observed",4.09578102026679,0,0,0,0.0369934982069857,"missing loss uses the same method/metric maximum; an all-failed method uses the same scenario/metric maximum"
"nbi_gaussian_legacy_reconciliation","n500_d4_nbi_signal2","ours_rs_joint","variogram_score_p2.0","lower_is_better",100,100,0,7378.804568648,360.601614370238,6663.29273264514,8094.31640465086,7378.804568648,25292.8682638,"same_method_maximum_observed",7378.804568648,0,0,0,0.0369934982069857,"missing loss uses the same method/metric maximum; an all-failed method uses the same scenario/metric maximum"
