"study_id","scenario_id","method","attempted","successful","converged","convergence_not_reported","retained","parameter","term","n_metric","n_se","estimand_status","true_value_mean","mean_estimate","bias","bias_mcse","bias_ci_low","bias_ci_high","rmse","rmse_mcse","rmse_ci_low","rmse_ci_high","empirical_sd","empirical_sd_mcse","empirical_sd_ci_low","empirical_sd_ci_high","mean_se","mean_se_mcse","mean_se_ci_low","mean_se_ci_high","se_to_empirical_sd","coverage","coverage_mcse","coverage_ci_low","coverage_ci_high"
"bcpe_t_legacy_reconciliation","n500_d4","gamlss.longitudinal",100,100,100,0,100,"mu","intercept",100,100,"estimated",0.787552626245277,0.786261209999235,-0.00129141624604236,0.0017770723597277,-0.00481751334640974,0.00223468085432503,0.0177287446515441,0.00117101372358909,0.0152289627019506,0.0199172153892531,0.0253584565903253,0.00180214703691,0.0222648984751825,0.0294582915334437,0.0165796725949542,0.000125049927565836,0.0163315464088834,0.016827798781025,0.653812369688133,0.92,0.0271293199325011,0.850018922990513,0.958906538515619
"bcpe_t_legacy_reconciliation","n500_d4","gamlss.longitudinal",100,100,100,0,100,"mu","t",100,100,"estimated",0.18,0.178144643519194,-0.00185535648080569,0.00143191324826108,-0.0046965830212065,0.000985870059595117,0.0143676555907665,0.00101311058526152,0.0121928219940739,0.016254050146674,0.0143191324826108,0.00101761643429451,0.0125722963399772,0.0166341818823344,0.0140882918250309,5.73103487661033e-05,0.0139745756595078,0.0142020079905539,0.983878865716181,0.95,0.0217944947177034,0.888249530768081,0.978456320845632
"bcpe_t_legacy_reconciliation","n500_d4","gamlss.longitudinal",100,100,100,0,100,"mu","x1",100,100,"estimated",0.12,0.11942842496093,-0.000571575039069769,0.00102835117196338,-0.00261204686666326,0.00146889678852372,0.0102479171142361,0.000748138533935894,0.00863680330536836,0.011638094303832,0.0102835117196338,0.000730817355092411,0.00902899368462937,0.0119461011022308,0.0109731587916815,9.57957972586972e-05,0.01078307914687,0.0111632384364929,1.06706338173671,0.96,0.0195959179422654,0.901629285641121,0.984336696008452
"bcpe_t_legacy_reconciliation","n500_d4","gamlss.longitudinal",100,100,100,0,100,"mu","x2",100,100,"estimated",-0.1,-0.10002122738408,-2.12273840801616e-05,0.00217965139956688,-0.00434612863964982,0.0043036738714895,0.0216872679870376,0.00160213163447043,0.0182332375466854,0.0246622025384861,0.0217965139956688,0.00154901079931056,0.0191374884941385,0.0253204709604513,0.0227929594277458,0.000115215030675579,0.0225643478108017,0.0230215710446898,1.04571581640417,0.96,0.0195959179422654,0.901629285641121,0.984336696008452
"bcpe_t_legacy_reconciliation","n500_d4","gamlss.longitudinal",100,100,100,0,100,"nu","intercept",100,100,"estimated",0,-0.00735018650570433,-0.00735018650570433,0.0105610708712802,-0.0283056423554041,0.0136052693439954,0.105338078673103,0.00707345577065905,0.0902175919059022,0.118545382650619,0.105610708712802,0.00750542625079771,0.0927269251977945,0.12268534700579,0.0970089195972069,0.000603830640690967,0.0958107886040606,0.0982070505903532,0.918551923186246,0.92,0.0271293199325011,0.850018922990513,0.958906538515619
"bcpe_t_legacy_reconciliation","n500_d4","gamlss.longitudinal",100,100,100,0,100,"nu","t",100,100,"estimated",0.12,0.115397387895107,-0.00460261210489286,0.0100144792203674,-0.0244735115352557,0.01526828732547,0.099749053377212,0.00626269461712927,0.0864337982746245,0.111485182042823,0.100144792203674,0.00711698047903565,0.0879278130863736,0.116335727049629,0.0985010030510613,0.000979495858432438,0.0965574707647509,0.100444535337372,0.983585874847399,0.94,0.0237486841740758,0.875231845541041,0.972213876036812
"bcpe_t_legacy_reconciliation","n500_d4","gamlss.longitudinal",100,100,100,0,100,"nu","x1",100,100,"estimated",0.1,0.102558404785496,0.00255840478549606,0.00533701098944193,-0.00803138289055761,0.0131481924615497,0.0531641832335212,0.00351687070198145,0.0456557346624616,0.0597362088703806,0.0533701098944193,0.00379284855382261,0.046859321827257,0.0619987360367015,0.0528395186486948,0.00052630446201414,0.0517952164134708,0.0538838208839188,0.990058269567477,0.91,0.0286181760425084,0.837737871472837,0.951927459997435
"bcpe_t_legacy_reconciliation","n500_d4","gamlss.longitudinal",100,100,100,0,100,"nu","x2",100,100,"estimated",-0.08,-0.0615056081712349,0.0184943918287651,0.0106725093698212,-0.00268218217879896,0.0396709658363291,0.107788615807788,0.00792126500174841,0.0907196162455548,0.122501929061453,0.106725093698212,0.00758462214319279,0.0937053628433993,0.123979900468212,0.103624509037601,0.000557161638222912,0.102518979470266,0.104730038604937,0.970947932176306,0.94,0.0237486841740758,0.875231845541041,0.972213876036812
"bcpe_t_legacy_reconciliation","n500_d4","gamlss.longitudinal",100,100,100,0,100,"sigma","intercept",100,100,"estimated",-1.21239856992169,-1.21757686740287,-0.00517829748117822,0.00468258860548715,-0.0144695691694912,0.00411297420713479,0.0468780517255053,0.00291562995155616,0.0406835341512121,0.0523445652969384,0.0481848194411968,0.00342434600744297,0.0423066013139203,0.0559751124256775,0.0428185821662184,0.00039721334838108,0.0420304247069642,0.0436067396254725,0.88863220123659,0.92,0.0271293199325011,0.850018922990513,0.958906538515619
"bcpe_t_legacy_reconciliation","n500_d4","gamlss.longitudinal",100,100,100,0,100,"sigma","t",100,100,"estimated",0.15,0.152928984451994,0.00292898445199405,0.00371294900932401,-0.00443831191268265,0.0102962808166707,0.0370593037462686,0.00249897906216786,0.0317155111466206,0.0417242176802032,0.0371294900932401,0.00263867796193244,0.03259994646822,0.0431324098830238,0.0341149674564427,0.000161631582199538,0.0337942553311306,0.0344356795817547,0.918810556535323,0.93,0.0255147016443461,0.862504852609265,0.965680738932727
"bcpe_t_legacy_reconciliation","n500_d4","gamlss.longitudinal",100,100,100,0,100,"sigma","x1",100,100,"estimated",0.18,0.176571687662783,-0.00342831233721656,0.00284070835167539,-0.00906489400312398,0.00220826932869085,0.028471847419338,0.00177586804471977,0.0246980398439957,0.0318009279550853,0.0284070835167539,0.00201880351844853,0.0249416137856694,0.0329998059965007,0.0258218280240757,0.000177880655986975,0.0254688742111071,0.0261747818370444,0.908992576054018,0.96,0.0195959179422654,0.901629285641121,0.984336696008452
"bcpe_t_legacy_reconciliation","n500_d4","gamlss.longitudinal",100,100,100,0,100,"sigma","x2",100,100,"estimated",0.12,0.107675704062568,-0.0123242959374323,0.00551970412654429,-0.023276586433063,-0.00137200544180161,0.0562861839279216,0.00366439549210678,0.0484729389119574,0.0631398700946818,0.0551970412654429,0.0039226829128342,0.0484633800770988,0.0641210370035411,0.0515100569851931,0.000246180614316334,0.0510215812371146,0.0519985327332715,0.933203226192522,0.92,0.0271293199325011,0.850018922990513,0.958906538515619
"bcpe_t_legacy_reconciliation","n500_d4","gamlss.longitudinal",100,100,100,0,100,"tau","intercept",100,100,"estimated",0.5,0.493646015926153,-0.00635398407384669,0.0106882116237877,-0.0275617147599092,0.0148537466122158,0.106536012772127,0.00579127002177437,0.0943476674986424,0.117466427852094,0.106882116237877,0.00759578124917297,0.0938432297081079,0.124162309667065,0.0905975491433933,0.000999738327114682,0.0886138514075817,0.0925812468792049,0.847639926419117,0.92,0.0271293199325011,0.850018922990513,0.958906538515619
"bcpe_t_legacy_reconciliation","n500_d4","gamlss.longitudinal",100,100,100,0,100,"tau","t",100,100,"estimated",0.11,0.124127181884208,0.0141271818842075,0.0126043006249791,-0.0108824850787672,0.0391368488471822,0.126204390962555,0.00811927694605871,0.108908861454939,0.141399987599178,0.126043006249791,0.00895748640802335,0.110666622302599,0.146421041463327,0.112643468306672,0.000656912887602106,0.111340010619376,0.113946925993967,0.893690746184172,0.93,0.0255147016443461,0.862504852609265,0.965680738932727
"bcpe_t_legacy_reconciliation","n500_d4","gamlss.longitudinal",100,100,100,0,100,"tau","x1",100,100,"estimated",-0.08,-0.0705627995491429,0.00943720045085712,0.0057662967657319,-0.00200438333958604,0.0208787842413003,0.0581448915469638,0.00409046593348491,0.0493657501880703,0.0657622956897446,0.057662967657319,0.00409792867057693,0.050628480329428,0.0669856426743615,0.0549437674052733,0.000386094638697211,0.0541776718782536,0.0557098629322929,0.952843213547291,0.92,0.0271293199325011,0.850018922990513,0.958906538515619
"bcpe_t_legacy_reconciliation","n500_d4","gamlss.longitudinal",100,100,100,0,100,"tau","x2",100,100,"estimated",0.1,0.133336694069932,0.0333366940699318,0.0109447988413052,0.0116198386773106,0.0550535494625531,0.113887702222405,0.0100468325040559,0.0918133122605356,0.132329638126717,0.109447988413052,0.00777812984444777,0.0960960830423435,0.127143019881215,0.10667376654618,0.000591143430994682,0.105500809729582,0.107846723362779,0.974652600681868,0.95,0.0217944947177034,0.888249530768081,0.978456320845632
"bcpe_t_legacy_reconciliation","n500_d4","gamlss.longitudinal",100,100,100,0,100,"theta","intercept",100,100,"estimated",1.04309680450961,1.05053168564795,0.0074348811383455,0.00632581159137612,-0.00511690145380484,0.0199866637304958,0.0633786304223322,0.0041121742285189,0.0546130185309126,0.071071230433723,0.0645365711407176,0.00458641439944527,0.0566635512404439,0.0749705377557326,0.0626331547370308,0.000359145896782068,0.0619205313605431,0.0633457781135185,0.970506390871983,0.96,0.0195959179422654,0.901629285641121,0.984336696008452
"bcpe_t_legacy_reconciliation","n500_d4","gamlss.longitudinal",100,100,100,0,100,"theta","t",100,100,"estimated",0.2,0.192057613192074,-0.007942386807926,0.0116241176473527,-0.0310071580910381,0.0151223844751861,0.115930895386333,0.00911575705005719,0.0961568509334483,0.132792337989495,0.116241176473527,0.0082609006980583,0.102060548661556,0.135034498355632,0.107683263895685,0.000534288042840496,0.106623120504051,0.108743407287319,0.926377959708702,0.93,0.0255147016443461,0.862504852609265,0.965680738932727
"bcpe_t_legacy_reconciliation","n500_d4","gamlss.longitudinal",100,100,100,0,100,"theta","x1",100,100,"estimated",0.25,0.247949481575088,-0.00205051842491238,0.00376596776312604,-0.00952301549963505,0.00542197864981029,0.0375269693941365,0.00232898575414798,0.032579643848182,0.0418940767954436,0.0376596776312604,0.00267635674956869,0.0330654547559497,0.0437483156266075,0.0353845786069343,0.000199075012895056,0.0349895705917107,0.035779586622158,0.939587931511194,0.95,0.0217944947177034,0.888249530768081,0.978456320845632
"bcpe_t_legacy_reconciliation","n500_d4","gamlss.longitudinal",100,100,100,0,100,"theta","x2",100,100,"estimated",-0.1,-0.115634881001847,-0.0156348810018475,0.00777917597665749,-0.0310704538441051,-0.000199308159589863,0.0789651303592075,0.00483695293916448,0.0687004077524388,0.0880411131230285,0.0777917597665749,0.00552841963626578,0.0683016975910662,0.0903687623866538,0.0716745604840098,0.000271518875456988,0.0711358081286523,0.0722133128393672,0.921364431131001,0.92,0.0271293199325011,0.850018922990513,0.958906538515619
"bcpe_t_legacy_reconciliation","n500_d4","gamlss.longitudinal",100,100,100,0,100,"zeta","intercept",100,100,"estimated",0.5,0.463992448454204,-0.0360075515457959,0.081525948479027,-0.197772720512042,0.12575761742045,0.811971730439807,0.094020465140778,0.596942266571284,0.980946539036439,0.81525948479027,0.0579379687243305,0.71580340842629,0.947066770125098,0.898413109523436,0.125743957657174,0.648909817180507,1.14791640186636,1.10199651311577,0.98,0.014,0.929988209271456,0.994498032449838
"bcpe_t_legacy_reconciliation","n500_d4","gamlss.longitudinal",100,100,100,0,100,"zeta","t",100,100,"estimated",0.1,-0.0246189699682685,-0.124618969968269,0.1331954248073,-0.388907589744667,0.13966964980813,1.33112395570288,0.113326905899392,1.08316395907483,1.53965509405629,1.331954248073,0.0946578666140208,1.16946494757286,1.54729829117096,1.34188829336998,0.0358793595559635,1.27069585992697,1.41308072681299,1.0074582481428,0.98,0.014,0.929988209271456,0.994498032449838
"bcpe_t_legacy_reconciliation","n500_d4","gamlss.longitudinal",100,100,100,0,100,"zeta","x1",100,100,"estimated",0.12,0.12395123006392,0.00395123006392015,0.0455776694902922,-0.0864847543525207,0.094387214480361,0.453509298559007,0.0400027323577598,0.365618516166467,0.526938771011583,0.455776694902922,0.0323906392838318,0.400175058100317,0.529464508408691,0.439967136792543,0.0318688902790869,0.376732344472531,0.503201929112555,0.965312930022132,0.98,0.014,0.929988209271456,0.994498032449838
"bcpe_t_legacy_reconciliation","n500_d4","gamlss.longitudinal",100,100,100,0,100,"zeta","x2",100,100,"estimated",-0.1,0.0235402783863502,0.12354027838635,0.089331101339668,-0.0537120071957032,0.300792563968403,0.897377691595363,0.0860326402766311,0.706334661889401,1.05435515276383,0.89331101339668,0.0634848493281762,0.784333184836954,1.03773729954508,0.958123428441001,0.124084316791841,0.71191322363661,1.20433363324539,1.07255302360807,0.99,0.0099498743710662,0.945513803821295,0.998232567935859
"bcpe_t_legacy_reconciliation","n500_d4","gamlss2",100,100,0,100,100,"mu","intercept",100,99,"estimated",0.787552626245277,0.786875419946321,-0.000677206298956398,0.00183738075221341,-0.00432296833401685,0.00296855573610406,0.0182942461775055,0.00121377740867461,0.0157022228366671,0.0205620787955401,0.0252111918828428,0.00179168138986695,0.0221355990539265,0.0292872177667831,0.0136695232325277,9.79422255405039e-05,0.0134751600735204,0.013863886391535,0.542200594721995,0.808080808080808,0.0395793813902531,0.719596393856991,0.873549606788085
"bcpe_t_legacy_reconciliation","n500_d4","gamlss2",100,100,0,100,100,"mu","t",100,100,"estimated",0.18,0.180712631950129,0.000712631950129287,0.00164106254125598,-0.00254359216284431,0.00396885606310289,0.0163439097055565,0.00118141588125834,0.0138020677740112,0.0185404879679143,0.0164106254125598,0.00116625236460045,0.0144086414495862,0.0190638174656798,0.0195125766509917,0.000109139556448922,0.0192960200929971,0.0197291332089863,1.18902090325319,0.97,0.017058722109232,0.915480635709472,0.989745475975961
"bcpe_t_legacy_reconciliation","n500_d4","gamlss2",100,100,0,100,100,"mu","x1",100,98,"estimated",0.12,0.121864885628509,0.0018648856285089,0.00110412884373788,-0.000325945539971314,0.0040557167969891,0.0111431031701784,0.000853516143389771,0.00929654204015145,0.0127244568692803,0.0110412884373788,0.000784670201446025,0.00969432683009718,0.0128263915642735,0.00733874262213646,7.00938947415648e-05,0.00719962564404486,0.00747785960022807,0.66466360912121,0.846938775510204,0.0363701893582351,0.762711324751455,0.904993171898807
"bcpe_t_legacy_reconciliation","n500_d4","gamlss2",100,100,0,100,100,"mu","x2",100,100,"estimated",-0.1,-0.1001420594033,-0.000142059403299541,0.00227726959917518,-0.00466065634531533,0.00437653753871625,0.0226589917423412,0.00153432477123025,0.0193768504246969,0.0255224897135427,0.0227726959917518,0.00161838503293,0.0199945829690593,0.026454477429965,0.014953355756992,7.26492172239129e-05,0.0148092039486569,0.0150975075653272,0.656635286503105,0.8,0.04,0.711170834406841,0.866633066668967
"bcpe_t_legacy_reconciliation","n500_d4","gamlss2",100,100,0,100,100,"nu","intercept",100,100,"estimated",0,-0.00702781554380087,-0.00702781554380087,0.0148215205471474,-0.0364369278617372,0.0223812967741354,0.147639628328371,0.0103794729564975,0.12536405506027,0.166969378643884,0.148215205471474,0.0105331959937708,0.130133964996896,0.17217793665462,0.113260572560425,0.000623553921071883,0.112023306300006,0.114497838820844,0.764162976397338,0.85,0.0357071421427143,0.767164404091676,0.906940147163434
"bcpe_t_legacy_reconciliation","n500_d4","gamlss2",100,100,0,100,100,"nu","t",100,100,"estimated",0.12,0.126182825784012,0.00618282578401221,0.0135757417686974,-0.020754391163797,0.0331200427318214,0.135218353144611,0.00894200544491679,0.116127849064905,0.151928696189496,0.135757417686974,0.00964785956715025,0.119195942043516,0.157706032849654,0.138358661956354,0.000702822500145364,0.136964109637609,0.139753214275099,1.01916097340167,0.97,0.017058722109232,0.915480635709472,0.989745475975961
"bcpe_t_legacy_reconciliation","n500_d4","gamlss2",100,100,0,100,100,"nu","x1",100,100,"estimated",0.1,0.0943500088794828,-0.00564999112051719,0.0086464542840202,-0.0228064322819871,0.0115064500409527,0.0862164624450656,0.00634807247317517,0.0725349665819606,0.0980063029403552,0.0864645428402021,0.00614476749096382,0.0759164604984136,0.100443719877824,0.0559162504151459,0.000607795884489687,0.054710251518037,0.0571222493122548,0.646695727270386,0.85,0.0357071421427143,0.767164404091676,0.906940147163434
"bcpe_t_legacy_reconciliation","n500_d4","gamlss2",100,100,0,100,100,"nu","x2",100,100,"estimated",-0.08,-0.0676002228494585,0.0123997771505415,0.0167967214757274,-0.0209285623326724,0.0457281166337554,0.167584634899403,0.0116400950185408,0.142630226732761,0.189277146351305,0.167967214757274,0.0119369101701691,0.147476364360308,0.195123357084283,0.108630667029311,0.000558960256317848,0.107521568613462,0.10973976544516,0.646737324223008,0.82,0.0384187454245971,0.733326416136993,0.882997745010536
"bcpe_t_legacy_reconciliation","n500_d4","gamlss2",100,100,0,100,100,"sigma","intercept",100,100,"estimated",-1.21239856992169,-1.22378298158885,-0.01138441166716,0.00518898549064227,-0.0216804846392284,-0.00108833869509165,0.0528699943332215,0.00296083666303724,0.046626387044489,0.0584504288501569,0.0534187377977894,0.00379630438843374,0.0469020174592936,0.0620552258687634,0.0338365062216343,0.000217553814021334,0.0334048322559709,0.0342681801872977,0.633420174578415,0.73,0.0443959457608462,0.63567883232055,0.807304158504236
"bcpe_t_legacy_reconciliation","n500_d4","gamlss2",100,100,0,100,100,"sigma","t",100,100,"estimated",0.15,0.152744510789361,0.00274451078936136,0.00415641539762179,-0.0055027191004346,0.0109917406791573,0.0414467784788406,0.00310577709649272,0.0347419192561791,0.0472087909074708,0.0415641539762179,0.00295383580081485,0.0364936117145398,0.0482840491814278,0.0439352178770899,0.000183922807525026,0.0435702751246154,0.0443001606295644,1.05704588386976,0.94,0.0237486841740758,0.875231845541041,0.972213876036812
"bcpe_t_legacy_reconciliation","n500_d4","gamlss2",100,100,0,100,100,"sigma","x1",100,100,"estimated",0.18,0.176017998072116,-0.00398200192788412,0.00309686159664831,-0.0101268472046707,0.00216284334890243,0.0310696147785,0.00207626228629143,0.0266331104404367,0.0349473797764049,0.0309686159664831,0.00220084370286533,0.0271906568112557,0.0359754748589853,0.0174217411120512,0.000134875486240629,0.0171541188858991,0.0176893633382033,0.56256117906291,0.7,0.0458257569495584,0.604151453666533,0.781051147050672
"bcpe_t_legacy_reconciliation","n500_d4","gamlss2",100,100,0,100,100,"sigma","x2",100,100,"estimated",0.12,0.109583317517053,-0.010416682482947,0.00578810937440607,-0.0219015472212798,0.0010681822553858,0.0585254310264281,0.00374665156732294,0.0505475036195738,0.0655393166846249,0.0578810937440607,0.00411343021656,0.0508199965267485,0.0672390343518636,0.0341355631588563,0.000155890605512611,0.0338262423768051,0.0344448839409075,0.589753250168307,0.7,0.0458257569495584,0.604151453666533,0.781051147050672
"bcpe_t_legacy_reconciliation","n500_d4","gamlss2",100,100,0,100,100,"tau","intercept",100,100,"estimated",0.5,0.505960384772492,0.00596038477249237,0.0140006561741162,-0.0218199545415221,0.0337407240865068,0.139432224194812,0.0103191038513652,0.117181485439208,0.158591266336091,0.140006561741162,0.00994983308590059,0.1229267196102,0.162642158353587,0.101332472238628,0.000686668578554526,0.0999699728049386,0.102694971672318,0.723769450363099,0.86,0.0346987031457949,0.778628117890362,0.914736563400609
"bcpe_t_legacy_reconciliation","n500_d4","gamlss2",100,100,0,100,100,"tau","t",100,100,"estimated",0.11,0.134206557060661,0.0242065570606606,0.0136091382184982,-0.00279692568896614,0.0512100398102874,0.137555854352695,0.0103446243387672,0.11521577981856,0.156743581094093,0.136091382184982,0.00967159339055446,0.119489165158889,0.158093991143137,0.139752976392026,0.000758026585771005,0.138248887190786,0.141257065593266,1.02690540832384,0.92,0.0271293199325011,0.850018922990513,0.958906538515619
"bcpe_t_legacy_reconciliation","n500_d4","gamlss2",100,100,0,100,100,"tau","x1",100,100,"estimated",-0.08,-0.0601531713479699,0.0198468286520302,0.00873376822849345,0.00251713768182657,0.0371765196222337,0.0891374704991014,0.00684476168612065,0.0743252913361826,0.101817131965833,0.0873376822849345,0.00620681880932892,0.0766830829078809,0.101458024365192,0.0568406375953389,0.000503824966784872,0.0558409395556119,0.0578403356350659,0.650814586651148,0.82,0.0384187454245971,0.733326416136993,0.882997745010536
"bcpe_t_legacy_reconciliation","n500_d4","gamlss2",100,100,0,100,100,"tau","x2",100,100,"estimated",0.1,0.157602914023167,0.057602914023167,0.0152223985004674,0.0273983728747359,0.0878074551715981,0.162044795962587,0.0104971539115341,0.139671663065186,0.181683401370952,0.152223985004674,0.0108180875498341,0.13365370086876,0.176834836642269,0.110154876392571,0.000591171902089964,0.108981863083143,0.111327889702,0.723636793434285,0.82,0.0384187454245971,0.733326416136993,0.882997745010536
"bcpe_t_legacy_reconciliation","n500_d4","gamlss2",100,100,0,100,100,"theta","intercept",0,0,"not_applicable_or_unavailable",,,,,,,,,,,,,,,,,,,,,,,
"bcpe_t_legacy_reconciliation","n500_d4","gamlss2",100,100,0,100,100,"theta","t",0,0,"not_applicable_or_unavailable",,,,,,,,,,,,,,,,,,,,,,,
"bcpe_t_legacy_reconciliation","n500_d4","gamlss2",100,100,0,100,100,"theta","x1",0,0,"not_applicable_or_unavailable",,,,,,,,,,,,,,,,,,,,,,,
"bcpe_t_legacy_reconciliation","n500_d4","gamlss2",100,100,0,100,100,"theta","x2",0,0,"not_applicable_or_unavailable",,,,,,,,,,,,,,,,,,,,,,,
"bcpe_t_legacy_reconciliation","n500_d4","gamlss2",100,100,0,100,100,"zeta","intercept",0,0,"not_applicable_or_unavailable",,,,,,,,,,,,,,,,,,,,,,,
"bcpe_t_legacy_reconciliation","n500_d4","gamlss2",100,100,0,100,100,"zeta","t",0,0,"not_applicable_or_unavailable",,,,,,,,,,,,,,,,,,,,,,,
"bcpe_t_legacy_reconciliation","n500_d4","gamlss2",100,100,0,100,100,"zeta","x1",0,0,"not_applicable_or_unavailable",,,,,,,,,,,,,,,,,,,,,,,
"bcpe_t_legacy_reconciliation","n500_d4","gamlss2",100,100,0,100,100,"zeta","x2",0,0,"not_applicable_or_unavailable",,,,,,,,,,,,,,,,,,,,,,,
"nbi_gaussian_legacy_reconciliation","n500_d4_nbi_signal2","gamlss",100,100,100,0,100,"mu","intercept",100,100,"estimated",1.1,1.63201690061416,0.532016900614157,0.00794418339680676,0.516253917251702,0.547779883976612,0.537856744378521,0.00773654477093558,0.522280209937342,0.552994699119919,0.0794418339680676,0.00564568530353183,0.0697504740354011,0.0922856127559279,0.0580058028852838,0.000196939206205097,0.0576150327738996,0.0583965729966679,0.730166966042095,0,0,0,0.0369934982069857
"nbi_gaussian_legacy_reconciliation","n500_d4_nbi_signal2","gamlss",100,100,100,0,100,"mu","time_scaled",100,100,"estimated",0.1,0.0929459211382326,-0.00705407886176737,0.00511987319632552,-0.0172130180478894,0.00310486032435467,0.0514281740069277,0.00330185898813021,0.0443957538664344,0.0576084299560806,0.0511987319632553,0.0036385354436883,0.0449528371397361,0.0594763000241754,0.059444502818546,0.00018098504651018,0.0590853892212769,0.0598036164158152,1.16105420074092,0.98,0.014,0.929988209271456,0.994498032449838
"nbi_gaussian_legacy_reconciliation","n500_d4_nbi_signal2","gamlss",100,100,100,0,100,"mu","x1",100,100,"estimated",0.18,0.179992470670999,-7.52932900111858e-06,0.00351329704050172,-0.00697867287272303,0.00696361421472079,0.0349568649920987,0.00239308589870623,0.029832933853049,0.0394203104740593,0.0351329704050172,0.00249679148601671,0.0308469885149767,0.0408131023645068,0.0224462965452844,9.98669900426202e-05,0.0222481387707379,0.0226444543198309,0.638895495784179,0.8,0.04,0.711170834406841,0.866633066668967
"nbi_gaussian_legacy_reconciliation","n500_d4_nbi_signal2","gamlss",100,100,100,0,100,"mu","x2",100,100,"estimated",-0.12,-0.10879864955839,0.0112013504416096,0.0061215444082833,-0.000945121743195132,0.0233478226264144,0.0619300213146388,0.00456606771689906,0.0520878777805671,0.0704095736983256,0.061215444082833,0.00435039217682894,0.0537475789491652,0.0711124666328986,0.0445194321087739,0.000140014840131983,0.0442416122895104,0.0447972519280375,0.727258174400123,0.84,0.0366606055596467,0.755797306107298,0.899047115111952
"nbi_gaussian_legacy_reconciliation","n500_d4_nbi_signal2","gamlss",100,100,100,0,100,"sigma","intercept",100,100,"estimated",-0.45,-0.466708457220084,-0.0167084572200839,0.0159152809607181,-0.0482878274916014,0.0148709130514336,0.159234082973704,0.0127753923442592,0.13146328709904,0.182834325294974,0.159152809607181,0.0113104976727531,0.139737256300364,0.184883880731279,0.118358907298715,0.000458584284655995,0.117448976587369,0.119268838010061,0.743680916415153,0.88,0.0324961536185438,0.801879005732886,0.930005935629805
"nbi_gaussian_legacy_reconciliation","n500_d4_nbi_signal2","gamlss",100,100,100,0,100,"sigma","time_scaled",100,100,"estimated",0.08,0.0952304185225914,0.0152304185225914,0.0152619512525794,-0.0150526038670622,0.045513440912245,0.152616362477777,0.00757262633247755,0.1367677173313,0.16696736114547,0.152619512525794,0.0108461964667811,0.134000976739849,0.177294311176342,0.141218481919358,0.000454162069027033,0.140317325843227,0.142119637995489,0.925297686922507,0.98,0.014,0.929988209271456,0.994498032449838
"nbi_gaussian_legacy_reconciliation","n500_d4_nbi_signal2","gamlss",100,100,100,0,100,"sigma","x1",100,100,"estimated",0.1,0.103788536396062,0.00378853639606195,0.00744292001889114,-0.0109798316747237,0.0185569044668476,0.0741529621146568,0.00596376696564893,0.0611857610317945,0.085168223110005,0.0744292001889114,0.00528945293268368,0.0653493472637993,0.0864625601308281,0.0537489956327197,0.00029413486492335,0.0531653682476862,0.0543326230177532,0.722149310973348,0.88,0.0324961536185438,0.801879005732886,0.930005935629805
"nbi_gaussian_legacy_reconciliation","n500_d4_nbi_signal2","ours_rs_joint",100,100,100,0,100,"mu","intercept",100,100,"estimated",1.1,1.09274026952601,-0.00725973047399367,0.00537275736338697,-0.0179204467111868,0.0034009857631995,0.0539489511802787,0.0043507986029307,0.0444861155220685,0.0619835800245626,0.0537275736338697,0.00381825239559661,0.0471731774374781,0.0624139928174861,0.0535445394968192,0.00020236164021106,0.0531430100999616,0.0539460688936768,0.996593292332578,0.93,0.0255147016443461,0.862504852609265,0.965680738932727
"nbi_gaussian_legacy_reconciliation","n500_d4_nbi_signal2","ours_rs_joint",100,100,100,0,100,"mu","time_scaled",100,100,"estimated",0.1,0.0940103963322606,-0.0059896036677394,0.00503260106724075,-0.0159753760159304,0.0039961686804516,0.0504307012522519,0.00303625670106982,0.0439955319160928,0.056132917517334,0.0503260106724075,0.00357651384222579,0.0441865818722421,0.0584624812958288,0.0532157856928603,0.000147405962160942,0.0529233002839756,0.0535082711017449,1.05742110256391,0.97,0.017058722109232,0.915480635709472,0.989745475975961
"nbi_gaussian_legacy_reconciliation","n500_d4_nbi_signal2","ours_rs_joint",100,100,100,0,100,"mu","x1",100,100,"estimated",0.18,0.179730725485001,-0.00026927451499939,0.00343488563309783,-0.00708483281495274,0.00654628378495396,0.0341777413048047,0.00246339368569103,0.0288791053173352,0.0387586542267216,0.0343488563309783,0.0024410669252535,0.030158530990393,0.0399022164473674,0.0339142142636644,0.000148595970015145,0.033619367621023,0.0342090609063059,0.987346243405437,0.93,0.0255147016443461,0.862504852609265,0.965680738932727
"nbi_gaussian_legacy_reconciliation","n500_d4_nbi_signal2","ours_rs_joint",100,100,100,0,100,"mu","x2",100,100,"estimated",-0.12,-0.107923872644692,0.0120761273553078,0.00587949383344993,0.00040993602422865,0.023742318686387,0.0597336519720803,0.00380182299918014,0.0516419466039227,0.0668530306478385,0.0587949383344993,0.0041783743236664,0.0516223583327889,0.068300624999761,0.0650395472009566,0.000206387558860221,0.0646300295080696,0.0654490648938436,1.10620997390847,0.97,0.017058722109232,0.915480635709472,0.989745475975961
"nbi_gaussian_legacy_reconciliation","n500_d4_nbi_signal2","ours_rs_joint",100,100,100,0,100,"sigma","intercept",100,100,"estimated",-0.45,-0.491416070345217,-0.041416070345217,0.0119230775877532,-0.065074043009917,-0.017758097680517,0.125654721439485,0.0108298234333392,0.101925418615127,0.145565885701975,0.119230775877532,0.0084733622762417,0.104685437403288,0.138507442006508,0.0980237243925042,0.000367443234819778,0.0972946372972291,0.0987528114877794,0.822134416815246,0.87,0.0336303434416005,0.790196485599236,0.922428325727595
"nbi_gaussian_legacy_reconciliation","n500_d4_nbi_signal2","ours_rs_joint",100,100,100,0,100,"sigma","time_scaled",100,100,"estimated",0.08,0.101922919251261,0.0219229192512608,0.0144861778973846,-0.0068208004964263,0.0506666389989479,0.145793347056339,0.00737175263225621,0.130348056477035,0.159752259027658,0.144861778973846,0.0102948783499241,0.12718963357642,0.168282344071876,0.13822598765584,0.000524767195151274,0.137184735691585,0.139267239620096,0.954192255783328,0.97,0.017058722109232,0.915480635709472,0.989745475975961
"nbi_gaussian_legacy_reconciliation","n500_d4_nbi_signal2","ours_rs_joint",100,100,100,0,100,"sigma","x1",100,100,"estimated",0.1,0.103655426304523,0.00365542630452288,0.0058721290577598,-0.00799615171378729,0.015307004322833,0.0585411838699518,0.00449087341186025,0.0488238137000008,0.0668608677297762,0.058721290577598,0.00417314040548995,0.0515576950980809,0.0682150702229608,0.0567692112335683,0.000244712156829557,0.0562836492237279,0.0572547732434088,0.966756872595467,0.96,0.0195959179422654,0.901629285641121,0.984336696008452
"nbi_gaussian_legacy_reconciliation","n500_d4_nbi_signal2","ours_rs_joint",100,100,100,0,100,"theta","intercept",100,100,"estimated",0.7,0.726463140785982,0.0264631407859822,0.00398233918751141,0.0185613158631552,0.0343649657088092,0.0476480989683033,0.00293027589098398,0.0414277727692488,0.0531452943727471,0.0398233918751141,0.00283012522516151,0.0349652106735511,0.0462618489232209,0.0447208743364465,6.10713284466828e-05,0.0445996955712867,0.0448420531016063,1.12298004340491,0.94,0.0237486841740758,0.875231845541041,0.972213876036812
"nbi_gaussian_legacy_reconciliation","n500_d4_nbi_signal2","ours_rs_joint",100,100,100,0,100,"theta","time_scaled",100,100,"estimated",0.2,0.312978525766876,0.112978525766876,0.00942095529790897,0.0942853065646269,0.131671744969125,0.146802018917491,0.00736748836379743,0.13137246587351,0.160757397113838,0.0942095529790897,0.00669518139422792,0.0827166324180793,0.109440906508176,0.0978049837725588,0.000163409112495634,0.0974807446415013,0.0981292229036163,1.03816418483874,0.82,0.0384187454245971,0.733326416136993,0.882997745010536
