"case_id","hypothesis_role","joint_review_rep","family","copula","design","n","time_points","n_subject","n_time","total_observations","mu_strength","sigma_strength","theta_strength","time_shape","dependence","missingness","start_mode","rs_joint_success","rs_separate_success","delta_joint_loglik","delta_copula_loglik","delta_marginal_loglik","delta_elapsed_sec","delta_train_joint_loglik","delta_train_copula_loglik","delta_train_marginal_loglik","delta_train_rmse_mu","delta_train_rmse_sigma","delta_train_rmse_theta","delta_train_rmse_tau","delta_test_joint_log_score","delta_test_log_score_per_obs","delta_test_marginal_log_score","delta_test_copula_log_score","delta_heldout_variogram_score_p05","delta_heldout_variogram_score_p2","delta_benchmark_mean_rmse","delta_benchmark_neg_log_score","delta_benchmark_variogram_score_p05","delta_benchmark_variogram_score_p2","delta_benchmark_theta_time_abs_error"
"JVS06","larger_sample_same_T_no",1,"NO","N","seven_case",100,75,100,75,7500,0,1.5,3.5,"sigmoid","case_specific","none","default",TRUE,TRUE,100.147938526972,164.634312238275,-64.4863737113028,290.37,100.147938526972,164.634312238275,-64.4863737113028,-0.156169307416037,0.028548323199159,0.0192228594845669,0.0144412144770142,-802.516743182021,-0.107002232424269,-43.3405632604299,-759.176179921592,-5.78937374050236,-715.739610799756,-0.156169307416037,0.107002232424269,-5.78937374050236,-715.739610799756,0.0144412144770142
"JVS06","larger_sample_same_T_no",2,"NO","N","seven_case",100,75,100,75,7500,0,1.5,3.5,"sigmoid","case_specific","none","default",TRUE,TRUE,89.755018195634,81.4884143165436,8.26660387909033,94.7100000000005,89.755018195634,81.4884143165436,8.26660387909033,-0.0919436410623307,0.0279069578168184,0.0143843346316527,0.0126339787523218,-1015.45642777042,-0.135394190369389,5.42700030134802,-1020.88342807177,-6.17088029335196,-480.042460104756,-0.0919436410623307,0.135394190369389,-6.17088029335196,-480.042460104756,0.0126339787523218
"JVS06","larger_sample_same_T_no",3,"NO","N","seven_case",100,75,100,75,7500,0,1.5,3.5,"sigmoid","case_specific","none","default",TRUE,TRUE,21.0048834067602,46.0883535598205,-25.0834701530603,140.79,21.0048834067602,46.0883535598205,-25.0834701530603,-0.0127139217813094,0.0225394813491792,0.00604552067934072,0.00581896976281593,-224.581114597939,-0.0299441486130585,-81.7642467840869,-142.816867813852,-2.92145877247117,-545.062363337151,-0.0127139217813094,0.0299441486130585,-2.92145877247117,-545.062363337151,0.00581896976281593
"JVS06","larger_sample_same_T_no",4,"NO","N","seven_case",100,75,100,75,7500,0,1.5,3.5,"sigmoid","case_specific","none","default",TRUE,TRUE,16.9695113056887,32.8498948902843,-15.8803835845956,143.339999999999,16.9695113056887,32.8498948902843,-15.8803835845956,-0.0214223816104943,0.00910484629550745,0.00451879077460371,0.00370707018873617,-468.996432339194,-0.0625328576452258,-76.6876065931228,-392.308825746072,-0.140362843813136,-34.2530975925256,-0.0214223816104943,0.0625328576452258,-0.140362843813136,-34.2530975925256,0.00370707018873617
"JVS06","larger_sample_same_T_no",5,"NO","N","seven_case",100,75,100,75,7500,0,1.5,3.5,"sigmoid","case_specific","none","default",TRUE,TRUE,46.9723699230562,71.6355631900624,-24.6631932670061,155.42,46.9723699230562,71.6355631900624,-24.6631932670061,-0.0515362945270011,0.0135467992806635,0.00973084271094082,0.00732411773570407,-540.022337785866,-0.0720029783714486,-93.7958510799454,-446.226486705921,-1.88173268127832,-145.622285729285,-0.0515362945270011,0.0720029783714486,-1.88173268127832,-145.622285729285,0.00732411773570407
"JVS06","larger_sample_same_T_no",6,"NO","N","seven_case",100,75,100,75,7500,0,1.5,3.5,"sigmoid","case_specific","none","default",TRUE,TRUE,31.4000104171391,41.6195235615505,-10.2195131444114,75.8899999999994,31.4000104171391,41.6195235615505,-10.2195131444114,-0.0167851612734409,0.0226688120877425,0.00742111846868443,0.00676663587994875,-1600.80984006963,-0.213441312009284,-186.838021796304,-1413.97181827333,-0.758424170972376,-201.92691261274,-0.0167851612734409,0.213441312009284,-0.758424170972376,-201.92691261274,0.00676663587994875
"JVS06","larger_sample_same_T_no",7,"NO","N","seven_case",100,75,100,75,7500,0,1.5,3.5,"sigmoid","case_specific","none","default",TRUE,TRUE,30.1932539971403,49.9061947457831,-19.7129407486427,122.27,30.1932539971403,49.9061947457831,-19.7129407486427,-0.0181634592147277,0.011294498765528,0.00497963678869418,0.0050200145218553,-525.465836806938,-0.0700621115742583,-23.7592310189266,-501.706605788011,-3.09938867087567,133.836239377615,-0.0181634592147277,0.0700621115742583,-3.09938867087567,133.836239377615,0.0050200145218553
"JVS06","larger_sample_same_T_no",8,"NO","N","seven_case",100,75,100,75,7500,0,1.5,3.5,"sigmoid","case_specific","none","default",TRUE,TRUE,13.948106181464,159.188284858292,-145.240178676828,477.169999999998,13.948106181464,159.188284858292,-145.240178676828,-0.03459325936241,-0.127546348600408,-0.00258387732767407,-0.0054316012577435,77.6694657110002,0.0103559287614665,-7.5936676876936,85.2631333986938,7.42563554559331,778.374503551655,-0.03459325936241,-0.0103559287614665,7.42563554559331,778.374503551655,-0.0054316012577435
"JVS06","larger_sample_same_T_no",9,"NO","N","seven_case",100,75,100,75,7500,0,1.5,3.5,"sigmoid","case_specific","none","default",TRUE,TRUE,44.7647874557852,85.6397749051912,-40.874987449406,35.2700000000004,44.7647874557852,85.6397749051912,-40.874987449406,-0.0469488527804651,7.14796154439035e-05,0.00575189662895159,0.00346886196669999,-233.832930675153,-0.0311777240900204,-12.2009843201868,-221.631946354965,0.326274471117813,64.6074315574224,-0.0469488527804651,0.0311777240900204,0.326274471117813,64.6074315574224,0.00346886196669999
"JVS06","larger_sample_same_T_no",10,"NO","N","seven_case",100,75,100,75,7500,0,1.5,3.5,"sigmoid","case_specific","none","default",TRUE,TRUE,37.1920691706091,57.5258140033984,-20.3337448327893,50.9400000000023,37.1920691706091,57.5258140033984,-20.3337448327893,-0.0169666803830995,0.0317912824927354,0.00127814670392279,0.0017181394553456,-2177.9995940983,-0.290399945879773,-372.889338568233,-1805.11025553007,-4.54663252351361,-506.964099598801,-0.0169666803830995,0.290399945879773,-4.54663252351361,-506.964099598801,0.0017181394553456
"JVS03","central_joint_win_no",1,"NO","N","seven_case",40,75,40,75,3000,0,1.5,3.5,"sigmoid","case_specific","none","default",TRUE,TRUE,41.9739663756329,60.9540154925246,-18.9800491168917,20.3899999999994,41.9739663756329,60.9540154925246,-18.9800491168917,-0.0859888313670331,0.0185999397059544,0.0147918461980006,0.0125247177057952,-3304.35130748996,-1.10145043582999,-173.012251312211,-3131.33905617775,-0.957526287705832,-23.8984073941356,-0.0859888313670331,1.10145043582999,-0.957526287705832,-23.8984073941356,0.0125247177057952
"JVS03","central_joint_win_no",2,"NO","N","seven_case",40,75,40,75,3000,0,1.5,3.5,"sigmoid","case_specific","none","default",TRUE,TRUE,8.52032213429925,29.1298200375393,-20.60949790324,21.0999999999985,8.52032213429925,29.1298200375393,-20.60949790324,-0.0115275702736932,0.0183557306283998,0.0135602702597208,0.0101273110174034,-211.788560990307,-0.0705961869967691,-27.2318978828571,-184.55666310745,-4.62160370573611,-366.027399614915,-0.0115275702736932,0.0705961869967691,-4.62160370573611,-366.027399614915,0.0101273110174034
"JVS03","central_joint_win_no",3,"NO","N","seven_case",40,75,40,75,3000,0,1.5,3.5,"sigmoid","case_specific","none","default",TRUE,TRUE,65.6442611963239,69.0679259987373,-3.42366480241344,16.8600000000042,65.6442611963239,69.0679259987373,-3.42366480241344,-0.0317381753043115,0.00486959537659315,0.0114373268374701,0.0112947054357084,-1057.58101382899,-0.352527004609664,69.3031236874049,-1126.8841375164,-4.28806055167195,-516.822665166299,-0.0317381753043115,0.352527004609664,-4.28806055167195,-516.822665166299,0.0112947054357084
"JVS03","central_joint_win_no",4,"NO","N","seven_case",40,75,40,75,3000,0,1.5,3.5,"sigmoid","case_specific","none","default",TRUE,TRUE,5.79226259080588,19.3846410243777,-13.5923784335719,25.3400000000001,5.79226259080588,19.3846410243777,-13.5923784335719,-0.00370648828188945,-0.0325995016852026,0.0043630450110792,0.00168770903905446,435.597502892786,0.145199167630929,29.0216753290078,406.575827563778,11.3889873287873,2119.71665064868,-0.00370648828188945,-0.145199167630929,11.3889873287873,2119.71665064868,0.00168770903905446
"JVS03","central_joint_win_no",5,"NO","N","seven_case",40,75,40,75,3000,0,1.5,3.5,"sigmoid","case_specific","none","default",TRUE,TRUE,24.094585283613,10.8493862875603,13.2451989960527,27.3499999999985,24.094585283613,10.8493862875603,13.2451989960527,-0.0435546080345242,0.00946703991611147,0.00727454086256107,0.00679686525815748,-219.371190002123,-0.0731237300007075,14.2848777861045,-233.656067788227,0.156232634179332,138.718671816054,-0.0435546080345242,0.0731237300007075,0.156232634179332,138.718671816054,0.00679686525815748
"JVS03","central_joint_win_no",6,"NO","N","seven_case",40,75,40,75,3000,0,1.5,3.5,"sigmoid","case_specific","none","default",TRUE,TRUE,12.3640207756303,22.7908878583553,-10.426867082725,26.4800000000032,12.3640207756303,22.7908878583553,-10.426867082725,-0.00998732325278881,0.0137605073975559,0.00787768265706967,0.00680669023649849,-134.417404688669,-0.0448058015628896,-145.036370106787,10.6189654181185,-3.39859834135052,-1047.93183080327,-0.00998732325278881,0.0448058015628896,-3.39859834135052,-1047.93183080327,0.00680669023649849
"JVS03","central_joint_win_no",7,"NO","N","seven_case",40,75,40,75,3000,0,1.5,3.5,"sigmoid","case_specific","none","default",TRUE,TRUE,2.52791508177984,15.9555658814509,-13.427650799671,6.39000000000306,2.52791508177984,15.9555658814509,-13.427650799671,-0.00137388237448093,-0.0251995327249619,-0.000160369048952114,-0.00150574378784007,-57.1988960857352,-0.0190662986952452,37.2341088870407,-94.4330049727755,3.94879236684881,129.663685470307,-0.00137388237448093,0.0190662986952452,3.94879236684881,129.663685470307,-0.00150574378784007
"JVS03","central_joint_win_no",8,"NO","N","seven_case",40,75,40,75,3000,0,1.5,3.5,"sigmoid","case_specific","none","default",TRUE,TRUE,14.8274664859243,31.4380251431037,-16.6105586571794,21.2799999999988,14.8274664859243,31.4380251431037,-16.6105586571794,-0.0526100311263666,0.0372816103561953,0.00872866254293297,0.00733961784511217,-77.4671916023317,-0.0258223972007772,-76.412744230247,-1.05444737208472,1.69636849949222,338.468369343464,-0.0526100311263666,0.0258223972007772,1.69636849949222,338.468369343464,0.00733961784511217
"JVS03","central_joint_win_no",9,"NO","N","seven_case",40,75,40,75,3000,0,1.5,3.5,"sigmoid","case_specific","none","default",TRUE,TRUE,9.97437554204748,22.4557978387563,-12.4814222967088,14.1400000000031,9.97437554204748,22.4557978387563,-12.4814222967088,-0.0501153346188264,0.00665450296897113,-0.0010170764466213,-0.00146303146294102,-111.134015065019,-0.0370446716883399,-37.0430860208762,-74.0909290441432,-0.98302197497901,-44.4713417265812,-0.0501153346188264,0.0370446716883399,-0.98302197497901,-44.4713417265812,-0.00146303146294102
"JVS03","central_joint_win_no",10,"NO","N","seven_case",40,75,40,75,3000,0,1.5,3.5,"sigmoid","case_specific","none","default",TRUE,TRUE,7.52868624618804,20.3962388284181,-12.86755258223,30,7.52868624618804,20.3962388284181,-12.86755258223,-0.005725008639761,0.0344501799835822,0.0113279890687313,0.00943160063430043,1.39607350969254,0.000465357836564317,85.3115838431477,-83.9155103334552,-11.2487301839316,-1380.13779805935,-0.005725008639761,-0.000465357836564317,-11.2487301839316,-1380.13779805935,0.00943160063430043
"JVS02","weak_dependence_no",1,"NO","N","seven_case",40,75,40,75,3000,0,1.5,1.5,"sigmoid","case_specific","none","default",TRUE,TRUE,0.934650727111148,2.24263378881284,-1.30798306170209,1.45999999999913,0.934650727111148,2.24263378881284,-1.30798306170209,0.00579882247874518,0.00860354207441966,0.00371514908225701,0.00277135816344776,-41.7891922840126,-0.0139297307613375,-42.2471342438712,0.457941959858772,-2.64512307110056,-254.649329156637,0.00579882247874518,0.0139297307613375,-2.64512307110056,-254.649329156637,0.00277135816344776
"JVS02","weak_dependence_no",2,"NO","N","seven_case",40,75,40,75,3000,0,1.5,1.5,"sigmoid","case_specific","none","default",TRUE,TRUE,1.53345664959443,3.60075657760314,-2.06729992800865,1.36999999999898,1.53345664959443,3.60075657760314,-2.06729992800865,-0.028924087791176,0.00593092584395294,0.000175732910593085,0.000243527126525339,-5.80603651186357,-0.00193534550395436,-9.26424666184994,3.45821014998643,0.170951118494486,101.652126099907,-0.028924087791176,0.00193534550395436,0.170951118494486,101.652126099907,0.000243527126525339
"JVS02","weak_dependence_no",3,"NO","N","seven_case",40,75,40,75,3000,0,1.5,1.5,"sigmoid","case_specific","none","default",TRUE,TRUE,1.9348673399827,4.92997414352305,-2.99510680354024,1.90000000000509,1.9348673399827,4.92997414352305,-2.99510680354024,-0.0111871177678825,0.0185483417006029,0.00817098111215903,0.00627861803531748,-33.3408202051851,-0.0111136067350617,-26.7576503805503,-6.58316982463441,0.315587635874749,2078.26485555839,-0.0111871177678825,0.0111136067350617,0.315587635874749,2078.26485555839,0.00627861803531748
"JVS02","weak_dependence_no",4,"NO","N","seven_case",40,75,40,75,3000,0,1.5,1.5,"sigmoid","case_specific","none","default",TRUE,TRUE,2.52931712137661,6.25344356382243,-3.72412644244559,2.30999999999767,2.52931712137661,6.25344356382243,-3.72412644244559,-0.00478126393915922,0.0166163829499255,0.00752518170712774,0.00566352142518609,-32.7942967263962,-0.0109314322421321,-27.6576260612683,-5.13667066512812,-2.89637613666116,-727.211166727226,-0.00478126393915922,0.0109314322421321,-2.89637613666116,-727.211166727226,0.00566352142518609
"JVS02","weak_dependence_no",5,"NO","N","seven_case",40,75,40,75,3000,0,1.5,1.5,"sigmoid","case_specific","none","default",TRUE,TRUE,0.474613432247679,0.897997380570132,-0.423383948322225,1.06999999999971,0.474613432247679,0.897997380570132,-0.423383948322225,0.00555182159904908,0.00406004243102343,0.00187541328401308,0.00165793626650773,-7.40967205128345,-0.00246989068376124,-3.22818056515916,-4.18149148612463,0.10842613080365,162.299358380078,0.00555182159904908,0.00246989068376124,0.10842613080365,162.299358380078,0.00165793626650773
"JVS02","weak_dependence_no",6,"NO","N","seven_case",40,75,40,75,3000,0,1.5,1.5,"sigmoid","case_specific","none","default",TRUE,TRUE,0.63059731287558,1.5185187182899,-0.887921405414545,2.22000000000116,0.63059731287558,1.5185187182899,-0.887921405414545,-0.00787097090978002,0.00873347335797436,0.00383834268971822,0.00326855762747225,-19.4431541697531,-0.00648105138991761,-12.1565813217576,-7.28657284799573,1.293180042426,525.322323618748,-0.00787097090978002,0.00648105138991761,1.293180042426,525.322323618748,0.00326855762747225
"JVS02","weak_dependence_no",7,"NO","N","seven_case",40,75,40,75,3000,0,1.5,1.5,"sigmoid","case_specific","none","default",TRUE,TRUE,0.739216472637054,1.92030384484769,-1.18108737221064,0.680000000003929,0.739216472637054,1.92030384484769,-1.18108737221064,0.0107510228608762,-0.000201867855961213,0.00069531282896701,0.000472090582512685,-1.6700883690246,-0.000556696123008127,-10.6781158655704,9.00802749654588,0.5880166198707,166.5974425967,0.0107510228608762,0.000556696123008127,0.5880166198707,166.5974425967,0.000472090582512685
"JVS02","weak_dependence_no",8,"NO","N","seven_case",40,75,40,75,3000,0,1.5,1.5,"sigmoid","case_specific","none","default",TRUE,TRUE,1.29993128453725,3.25744994125506,-1.95751865671809,0.630000000001019,1.29993128453725,3.25744994125506,-1.95751865671809,-0.0127598503473776,-0.000737114378024151,0.000625844064909009,0.000399146478046508,-2.61360865547067,-0.000871202885156963,1.73557453054764,-4.34918318601808,0.00644979507762855,-32.1951640088155,-0.0127598503473776,0.000871202885156963,0.00644979507762855,-32.1951640088155,0.000399146478046508
"JVS02","weak_dependence_no",9,"NO","N","seven_case",40,75,40,75,3000,0,1.5,1.5,"sigmoid","case_specific","none","default",TRUE,TRUE,1.32849339973563,3.35466279943455,-2.02616939969903,1.70000000000073,1.32849339973563,3.35466279943455,-2.02616939969903,-0.00911734544714271,0.00414738425005373,0.00264080490249513,0.00192115882216751,-11.4783731317657,-0.00382612437725527,-11.145156073715,-0.333217058050991,-0.422494583529328,4.47243016299035,-0.00911734544714271,0.00382612437725527,-0.422494583529328,4.47243016299035,0.00192115882216751
"JVS02","weak_dependence_no",10,"NO","N","seven_case",40,75,40,75,3000,0,1.5,1.5,"sigmoid","case_specific","none","default",TRUE,TRUE,2.07626934224663,4.52399593535301,-2.44772659310638,5.36999999999898,2.07626934224663,4.52399593535301,-2.44772659310638,0.00288787139558618,0.0175384712952205,0.00463719130298179,0.00420439936747885,-14.9056589388838,-0.00496855297962795,-22.0869960946511,7.18133715576744,-0.187499294513373,-32.4114018298424,0.00288787139558618,0.00496855297962795,-0.187499294513373,-32.4114018298424,0.00420439936747885
"JVS04","fewer_time_points_same_rows_no",1,"NO","N","seven_case",150,20,150,20,3000,0,1.5,3.5,"sigmoid","case_specific","none","default",TRUE,TRUE,1.41186681314957,3.34399363368993,-1.93212682054036,11.7899999999972,1.41186681314957,3.34399363368993,-1.93212682054036,-0.015312679153071,-0.00507147705457711,-0.000368336085109888,-0.000649865134717542,4.3052358759096,0.00143507862530345,29.3902122664185,-25.0849763905089,-0.0104814006415239,-0.655512396693666,-0.015312679153071,-0.00143507862530345,-0.0104814006415239,-0.655512396693666,-0.000649865134717542
"JVS04","fewer_time_points_same_rows_no",2,"NO","N","seven_case",150,20,150,20,3000,0,1.5,3.5,"sigmoid","case_specific","none","default",TRUE,TRUE,6.23016026765799,12.880569460146,-6.65040919248804,8.81000000000131,6.23016026765799,12.880569460146,-6.65040919248804,-0.00634892053458438,0.0269103248480919,0.00639269456824065,0.00557327999621859,-157.418497408171,-0.0524728324693902,-58.5387947667768,-98.879702641394,-0.00930167137994431,1.7281797243744,-0.00634892053458438,0.0524728324693902,-0.00930167137994431,1.7281797243744,0.00557327999621859
"JVS04","fewer_time_points_same_rows_no",3,"NO","N","seven_case",150,20,150,20,3000,0,1.5,3.5,"sigmoid","case_specific","none","default",TRUE,TRUE,19.9698058940751,29.2721121672437,-9.3023062731686,5.16999999999825,19.9698058940751,29.2721121672437,-9.3023062731686,-0.00608858765048204,0.0025095011376306,0.00848062532797433,0.0059350639985904,-478.048966265697,-0.159349655421899,-30.2230518176211,-447.825914448076,-0.112588542113954,-2.72334954111011,-0.00608858765048204,0.159349655421899,-0.112588542113954,-2.72334954111011,0.0059350639985904
"JVS04","fewer_time_points_same_rows_no",4,"NO","N","seven_case",150,20,150,20,3000,0,1.5,3.5,"sigmoid","case_specific","none","default",TRUE,TRUE,30.8047445461341,46.6680096545372,-15.8632651084031,16.4099999999999,30.8047445461341,46.6680096545372,-15.8632651084031,-0.0469756760485797,0.00702699763224124,0.0100596506130401,0.00791015262299627,-266.028784050521,-0.0886762613501735,-44.5802431175935,-221.448540932928,-0.0543538442649236,-0.715263509827651,-0.0469756760485797,0.0886762613501735,-0.0543538442649236,-0.715263509827651,0.00791015262299627
"JVS04","fewer_time_points_same_rows_no",5,"NO","N","seven_case",150,20,150,20,3000,0,1.5,3.5,"sigmoid","case_specific","none","default",TRUE,TRUE,25.7158431399303,37.9004334071283,-12.184590267198,39.6599999999962,25.7158431399303,37.9004334071283,-12.184590267198,-0.0522301584274103,0.0113236146962428,0.0139961927990978,0.0105406907567176,-343.705488024257,-0.114568496008085,-22.5819477659006,-321.123540258356,-0.00278929478555057,1.20806018296832,-0.0522301584274103,0.114568496008085,-0.00278929478555057,1.20806018296832,0.0105406907567176
"JVS04","fewer_time_points_same_rows_no",6,"NO","N","seven_case",150,20,150,20,3000,0,1.5,3.5,"sigmoid","case_specific","none","default",TRUE,TRUE,27.0425302571568,47.3862708171612,-20.3437405600043,15.5,27.0425302571568,47.3862708171612,-20.3437405600043,-0.0749982061911506,0.0065613024400043,0.00973390207878932,0.00649584023193001,-233.577228285541,-0.0778590760951805,-50.9444392932119,-182.63278899233,-0.0248697463381262,4.18224789148849,-0.0749982061911506,0.0778590760951805,-0.0248697463381262,4.18224789148849,0.00649584023193001
"JVS04","fewer_time_points_same_rows_no",7,"NO","N","seven_case",150,20,150,20,3000,0,1.5,3.5,"sigmoid","case_specific","none","default",TRUE,TRUE,3.20002269476822,11.2997657073795,-8.09974301261127,1.86999999999534,3.20002269476822,11.2997657073795,-8.09974301261127,-0.0209027507362912,-0.00551727770982602,9.91953722236927e-05,-0.000328556956287029,42.6371093077869,0.0142123697692624,18.2522185602702,24.3848907475162,0.00488111008083081,-0.543515440738247,-0.0209027507362912,-0.0142123697692624,0.00488111008083081,-0.543515440738247,-0.000328556956287029
"JVS04","fewer_time_points_same_rows_no",8,"NO","N","seven_case",150,20,150,20,3000,0,1.5,3.5,"sigmoid","case_specific","none","default",TRUE,TRUE,2.07994903601343,6.11534026402865,-4.03539122801521,12.489999999998,2.07994903601343,6.11534026402865,-4.03539122801521,-0.00548973538379733,-0.00446729194287887,0.0021179662200882,0.00131331462968237,-50.9614870093774,-0.016987162336459,-41.9029902855691,-9.05849672380839,0.236182880032359,16.4638204339362,-0.00548973538379733,0.016987162336459,0.236182880032359,16.4638204339362,0.00131331462968237
"JVS04","fewer_time_points_same_rows_no",9,"NO","N","seven_case",150,20,150,20,3000,0,1.5,3.5,"sigmoid","case_specific","none","default",TRUE,TRUE,22.8881445435466,28.6285721376328,-5.74042759408621,20.5400000000009,22.8881445435466,28.6285721376328,-5.74042759408621,0.0120684018346234,0.0251551317310573,0.00959949727727671,0.00946442763312672,-286.564301459372,-0.0955214338197905,31.2173064365179,-317.781607895889,0.271847630549232,11.1113440804427,0.0120684018346234,0.0955214338197905,0.271847630549232,11.1113440804427,0.00946442763312672
"JVS04","fewer_time_points_same_rows_no",10,"NO","N","seven_case",150,20,150,20,3000,0,1.5,3.5,"sigmoid","case_specific","none","default",TRUE,TRUE,6.96517368970899,14.5633874700475,-7.59821378033848,13.6399999999994,6.96517368970899,14.5633874700475,-7.59821378033848,-0.00419786805628429,0.0230042470896435,0.0064220009514363,0.00630597367841407,-400.222429258262,-0.13340747641942,-59.0186669518616,-341.2037623064,-0.140382393599175,-9.49327340065065,-0.00419786805628429,0.13340747641942,-0.140382393599175,-9.49327340065065,0.00630597367841407
"JVS05","weaker_shared_shape_no",1,"NO","N","seven_case",40,75,40,75,3000,0,0.5,3.5,"sigmoid","case_specific","none","default",TRUE,TRUE,3.88003375126164,9.45865187186382,-5.57861812060219,3.59999999999854,3.88003375126164,9.45865187186382,-5.57861812060219,-0.00520695687581617,-0.00196009232338543,-0.00404388339836559,-0.00277056910036971,-63.3614546903864,-0.0211204848967954,0.491975984549299,-63.8534306749361,-3.12875185754399,-78.2890873497836,-0.00520695687581617,0.0211204848967954,-3.12875185754399,-78.2890873497836,-0.00277056910036971
"JVS05","weaker_shared_shape_no",2,"NO","N","seven_case",40,75,40,75,3000,0,0.5,3.5,"sigmoid","case_specific","none","default",TRUE,TRUE,11.161735872623,19.0775916489197,-7.91585577629667,2.84000000001106,11.161735872623,19.0775916489197,-7.91585577629667,-0.0122385137580957,0.016665112932181,0.00449908046750258,0.00395968859438539,-65.2559617824081,-0.0217519872608025,-12.5538400896658,-52.7021216927424,1.01142824232056,55.6891681913366,-0.0122385137580957,0.0217519872608025,1.01142824232056,55.6891681913366,0.00395968859438539
"JVS05","weaker_shared_shape_no",3,"NO","N","seven_case",40,75,40,75,3000,0,0.5,3.5,"sigmoid","case_specific","none","default",TRUE,TRUE,21.7950133753006,37.1828378032992,-15.3878244279986,11.4300000000003,21.7950133753006,37.1828378032992,-15.3878244279986,-0.0281423400732237,0.0173384148045687,0.0049412776436345,0.00689372825008105,-433.849840867773,-0.144616613622591,-1.71152733985764,-432.138313527916,-1.79836815102271,81.1202793753782,-0.0281423400732237,0.144616613622591,-1.79836815102271,81.1202793753782,0.00689372825008105
"JVS05","weaker_shared_shape_no",4,"NO","N","seven_case",40,75,40,75,3000,0,0.5,3.5,"sigmoid","case_specific","none","default",TRUE,TRUE,85.6592051564205,122.947265195876,-37.2880600394551,22.4199999999983,85.6592051564205,122.947265195876,-37.2880600394551,-0.108813810071272,0.0249365954398635,0.0306193538373258,0.028456931414946,-3974.68430099371,-1.3248947669979,39.613039923036,-4014.29734091675,-7.83698495523845,-115.348638074667,-0.108813810071272,1.3248947669979,-7.83698495523845,-115.348638074667,0.028456931414946
"JVS05","weaker_shared_shape_no",5,"NO","N","seven_case",40,75,40,75,3000,0,0.5,3.5,"sigmoid","case_specific","none","default",TRUE,TRUE,26.3957161192395,66.7402900312015,-40.344573911962,26.0999999999985,26.3957161192395,66.7402900312015,-40.344573911962,-0.00455186312599204,0.0407143968081331,0.0110101575979279,0.0107682138839974,-86.3749749477156,-0.0287916583159054,-77.3773886476042,-8.99758630011183,-0.0848220091546636,14.8579089311224,-0.00455186312599204,0.0287916583159054,-0.0848220091546636,14.8579089311224,0.0107682138839974
"JVS05","weaker_shared_shape_no",6,"NO","N","seven_case",40,75,40,75,3000,0,0.5,3.5,"sigmoid","case_specific","none","default",TRUE,TRUE,92.6883606369329,116.40249547379,-23.7141348368573,38.260000000002,92.6883606369329,116.40249547379,-23.7141348368573,-0.135648717237291,0.0112445949785938,0.0177344831083297,0.0143094739924101,-909.794208454628,-0.303264736151543,21.7142117624003,-931.508420217028,-2.45109797504733,-65.489661753023,-0.135648717237291,0.303264736151543,-2.45109797504733,-65.489661753023,0.0143094739924101
"JVS05","weaker_shared_shape_no",7,"NO","N","seven_case",40,75,40,75,3000,0,0.5,3.5,"sigmoid","case_specific","none","default",TRUE,TRUE,32.0619087559958,63.9031769497683,-31.8412681937725,6.98999999999796,32.0619087559958,63.9031769497683,-31.8412681937725,-0.103732535295374,-0.00384671482321987,0.00711914707887884,0.00504087989716512,-132.920545050299,-0.0443068483500997,132.143143826022,-265.06368887632,-2.2419536840431,-64.5040290243342,-0.103732535295374,0.0443068483500997,-2.2419536840431,-64.5040290243342,0.00504087989716512
"JVS05","weaker_shared_shape_no",8,"NO","N","seven_case",40,75,40,75,3000,0,0.5,3.5,"sigmoid","case_specific","none","default",TRUE,TRUE,8.95409376506882,25.7757660302798,-16.821672265211,7.56999999999243,8.95409376506882,25.7757660302798,-16.821672265211,-0.0162838291678621,0.0242098067338888,0.00485990722626994,0.0044170831137797,-262.085780058512,-0.0873619266861705,-49.8440817194837,-212.241698339028,-5.23726406199864,-117.008494916523,-0.0162838291678621,0.0873619266861705,-5.23726406199864,-117.008494916523,0.0044170831137797
"JVS05","weaker_shared_shape_no",9,"NO","N","seven_case",40,75,40,75,3000,0,0.5,3.5,"sigmoid","case_specific","none","default",TRUE,TRUE,18.9110591053579,51.6055087343705,-32.6944496290125,18.6900000000096,18.9110591053579,51.6055087343705,-32.6944496290125,-0.00263422775712902,0.0186407160808106,0.0203794083340807,0.0170020973635891,565.882174460754,0.188627391486918,76.0533188686732,489.828855592081,-9.85951455999259,-415.192038653324,-0.00263422775712902,-0.188627391486918,-9.85951455999259,-415.192038653324,0.0170020973635891
"JVS05","weaker_shared_shape_no",10,"NO","N","seven_case",40,75,40,75,3000,0,0.5,3.5,"sigmoid","case_specific","none","default",TRUE,TRUE,11.6065793552636,23.2733084017029,-11.6667290464393,5.30999999999767,11.6065793552636,23.2733084017029,-11.6667290464393,-0.02133585887344,-0.00869501411694917,0.00172572509255164,0.000877468962634187,-233.265357343867,-0.0777551191146222,38.4623059635956,-271.727663307464,0.784071687813707,67.9263235126691,-0.02133585887344,0.0777551191146222,0.784071687813707,67.9263235126691,0.000877468962634187
"JVS01","theta_off_control_no",1,"NO","N","seven_case",40,75,40,75,3000,0,1.5,0,"sigmoid","case_specific","none","default",TRUE,TRUE,0.00520385150002767,0.00689241098915261,-0.00168855948913915,0.110000000007858,0.00520385150002767,0.00689241098915261,-0.00168855948913915,0.000346072548362032,-0.000223471361890826,0.000215587536859983,0.000138857559388344,0.53073533596762,0.000176911778655864,0.348203542520423,0.182531793447509,0.033101318185345,-7.34483834789717,0.000346072548362032,-0.000176911778655864,0.033101318185345,-7.34483834789717,0.000138857559388344
"JVS01","theta_off_control_no",2,"NO","N","seven_case",40,75,40,75,3000,0,1.5,0,"sigmoid","case_specific","none","default",TRUE,TRUE,0.0170120115349164,0.0315603937024207,-0.0145483821675043,0.069999999999709,0.0170120115349164,0.0315603937024207,-0.0145483821675043,-0.000254024433558778,-2.82449430098475e-05,0.000305607403358898,0.000197227713862495,0.133761825950842,4.45872753167542e-05,0.250887877018158,-0.117126051067348,0.00466648134363368,-0.100730672267673,-0.000254024433558778,-4.45872753167542e-05,0.00466648134363368,-0.100730672267673,0.000197227713862495
"JVS01","theta_off_control_no",3,"NO","N","seven_case",40,75,40,75,3000,0,1.5,0,"sigmoid","case_specific","none","default",TRUE,TRUE,0.0204310747094496,0.0376424046891017,-0.0172113299800003,0.469999999993888,0.0204310747094496,0.0376424046891017,-0.0172113299800003,0.00153309120046825,0.00013714991509195,0.000360456939967294,0.000233871331326414,-1.58603384644994,-0.000528677948816503,-1.91328224790959,0.3272484014593,0.011797317124433,0.185689981750329,0.00153309120046825,0.000528677948816503,0.011797317124433,0.185689981750329,0.000233871331326414
"JVS01","theta_off_control_no",4,"NO","N","seven_case",40,75,40,75,3000,0,1.5,0,"sigmoid","case_specific","none","default",TRUE,TRUE,0.00765745000217066,0.0101707514268625,-0.00251330142509687,0.32999999999447,0.00765745000217066,0.0101707514268625,-0.00251330142509687,-0.000274099632976237,0.000264217258459154,0.000136222448714893,8.828418829121e-05,-1.75108560347144,-0.000583695201157308,-1.9034878665916,0.152402263120891,0.00970205363421428,5.46744198852684,-0.000274099632976237,0.000583695201157308,0.00970205363421428,5.46744198852684,8.828418829121e-05
"JVS01","theta_off_control_no",5,"NO","N","seven_case",40,75,40,75,3000,0,1.5,0,"sigmoid","case_specific","none","default",TRUE,TRUE,0.00149583007259935,0.00152095680437014,-2.51267319981707e-05,0.279999999998836,0.00149583007259935,0.00152095680437014,-2.51267319981707e-05,-0.000173604102307875,7.45957675029607e-05,0.000130637977953631,8.53989778176675e-05,-0.248526927183775,-8.2842309061304e-05,-0.28608818736484,0.0375612601806807,-0.00749232129385291,-1.47703727462795,-0.000173604102307875,8.2842309061304e-05,-0.00749232129385291,-1.47703727462795,8.53989778176675e-05
"JVS01","theta_off_control_no",6,"NO","N","seven_case",40,75,40,75,3000,0,1.5,0,"sigmoid","case_specific","none","default",TRUE,TRUE,0.0135130618405128,0.0242152943663356,-0.0107022325255457,0.269999999996799,0.0135130618405128,0.0242152943663356,-0.0107022325255457,0.000791520010518281,0.000497316853703245,0.000142647324585375,9.19335577757481e-05,-2.11354980485339,-0.000704516601617744,-2.16382726452321,0.0502774596695943,-0.0512723506277553,-12.5051061331178,0.000791520010518281,0.000704516601617744,-0.0512723506277553,-12.5051061331178,9.19335577757481e-05
"JVS01","theta_off_control_no",7,"NO","N","seven_case",40,75,40,75,3000,0,1.5,0,"sigmoid","case_specific","none","default",TRUE,TRUE,0.00190466412004753,0.0020096646176242,-0.000105000497569563,0.160000000003492,0.00190466412004753,0.0020096646176242,-0.000105000497569563,-0.000156063252891817,0.000251274918941391,9.54924960136043e-05,6.16671398875092e-05,-0.347540270237005,-0.000115846756745697,-0.372998769757942,0.0254584995209512,-0.0076471205894677,2.50251011132787,-0.000156063252891817,0.000115846756745697,-0.0076471205894677,2.50251011132787,6.16671398875092e-05
"JVS01","theta_off_control_no",8,"NO","N","seven_case",40,75,40,75,3000,0,1.5,0,"sigmoid","case_specific","none","default",TRUE,TRUE,0.00293239556458502,0.00385491153153339,-0.000922515966522042,-0.0800000000017462,0.00293239556458502,0.00385491153153339,-0.000922515966522042,3.52186952008969e-05,0.000533443338352591,5.41633039812701e-05,3.48762877369346e-05,-1.9161971120202,-0.000638732370673356,-2.03219121619259,0.115994104171918,-0.0152202854013694,-6.70385481990525,3.52186952008969e-05,0.000638732370673356,-0.0152202854013694,-6.70385481990525,3.48762877369346e-05
"JVS01","theta_off_control_no",9,"NO","N","seven_case",40,75,40,75,3000,0,1.5,0,"sigmoid","case_specific","none","default",TRUE,TRUE,0.00151885081822911,0.00142151354589259,9.7337272563891e-05,0.0899999999965075,0.00151885081822911,0.00142151354589259,9.7337272563891e-05,-4.76657458516813e-05,0.00021175936736284,0.000132875322476293,8.65465124754473e-05,-0.513279279252856,-0.000171093093084274,-0.614918932806177,0.101639653553448,0.0143551847135086,6.4056396702581,-4.76657458516813e-05,0.000171093093084274,0.0143551847135086,6.4056396702581,8.65465124754473e-05
"JVS01","theta_off_control_no",10,"NO","N","seven_case",40,75,40,75,3000,0,1.5,0,"sigmoid","case_specific","none","default",TRUE,TRUE,0.0019982317044196,0.00198194055579393,1.62911483130301e-05,0.120000000009895,0.0019982317044196,0.00198194055579393,1.62911483130301e-05,-0.000491949345016007,-4.81413937003516e-05,1.60751201909934e-05,1.05250773320053e-05,0.308414707271368,0.000102804902423648,0.232250457009286,0.0761642502618827,-0.0030756182385403,-0.686962306121131,-0.000491949345016007,-0.000102804902423648,-0.0030756182385403,-0.686962306121131,1.05250773320053e-05
