"generating_copula","fitted_copula","tau_label","target_tau","n_subject","metric","lhs_method","rhs_method","contrast","n_attempted","n_retained","estimate","mcse","ci_lower","ci_upper","confidence_level","ci_method","seed_pairing"
"C","N","high",0.55,50,"joint_loglik","misspecified_copula","correctly_specified_copula","misspecified_minus_correct_same_dataset",100,100,-19.4254040783571,0.750110429050048,-20.91378590724,-17.9370222494743,0.95,"paired_t","registered_dataset_seed_exact"
"C","N","high",0.55,50,"margin_param_rmse","misspecified_copula","correctly_specified_copula","misspecified_minus_correct_same_dataset",100,100,0.00233574928478722,0.00172150287466176,-0.0010800859013214,0.00575158447089583,0.95,"paired_t","registered_dataset_seed_exact"
"C","N","high",0.55,50,"tau_abs_error","misspecified_copula","correctly_specified_copula","misspecified_minus_correct_same_dataset",100,100,0.0163034536218283,0.00352193758556218,0.00931516536212654,0.0232917418815302,0.95,"paired_t","registered_dataset_seed_exact"
"C","N","high",0.55,150,"joint_loglik","misspecified_copula","correctly_specified_copula","misspecified_minus_correct_same_dataset",100,100,-62.0579253155533,1.24018388275434,-64.5187191987988,-59.5971314323079,0.95,"paired_t","registered_dataset_seed_exact"
"C","N","high",0.55,150,"margin_param_rmse","misspecified_copula","correctly_specified_copula","misspecified_minus_correct_same_dataset",100,100,0.000787355753547444,0.00106327440327983,-0.00132241134162832,0.00289712284872321,0.95,"paired_t","registered_dataset_seed_exact"
"C","N","high",0.55,150,"tau_abs_error","misspecified_copula","correctly_specified_copula","misspecified_minus_correct_same_dataset",100,100,0.0106793697980308,0.00221488763836583,0.00628455220012609,0.0150741873959355,0.95,"paired_t","registered_dataset_seed_exact"
"C","N","high",0.55,500,"joint_loglik","misspecified_copula","correctly_specified_copula","misspecified_minus_correct_same_dataset",100,100,-217.191661511621,2.41407668254084,-221.981713387548,-212.401609635694,0.95,"paired_t","registered_dataset_seed_exact"
"C","N","high",0.55,500,"margin_param_rmse","misspecified_copula","correctly_specified_copula","misspecified_minus_correct_same_dataset",100,100,0.000640818010767346,0.000811495839236786,-0.000969365789588131,0.00225100181112282,0.95,"paired_t","registered_dataset_seed_exact"
"C","N","high",0.55,500,"tau_abs_error","misspecified_copula","correctly_specified_copula","misspecified_minus_correct_same_dataset",100,100,0.0136668572340375,0.00188404699911454,0.0099284992408089,0.0174052152272661,0.95,"paired_t","registered_dataset_seed_exact"
"C","N","moderate",0.25,50,"joint_loglik","misspecified_copula","correctly_specified_copula","misspecified_minus_correct_same_dataset",100,100,-3.90608254211275,0.301372821057017,-4.5040716024015,-3.30809348182399,0.95,"paired_t","registered_dataset_seed_exact"
"C","N","moderate",0.25,50,"margin_param_rmse","misspecified_copula","correctly_specified_copula","misspecified_minus_correct_same_dataset",100,100,0.00103764945819064,0.000694764304295154,-0.000340913651748945,0.00241621256813023,0.95,"paired_t","registered_dataset_seed_exact"
"C","N","moderate",0.25,50,"tau_abs_error","misspecified_copula","correctly_specified_copula","misspecified_minus_correct_same_dataset",100,100,0.0100090698442612,0.00295075404178401,0.00415413365459122,0.0158640060339311,0.95,"paired_t","registered_dataset_seed_exact"
"C","N","moderate",0.25,150,"joint_loglik","misspecified_copula","correctly_specified_copula","misspecified_minus_correct_same_dataset",100,100,-13.2618598658825,0.552599651446425,-14.3583374617232,-12.1653822700418,0.95,"paired_t","registered_dataset_seed_exact"
"C","N","moderate",0.25,150,"margin_param_rmse","misspecified_copula","correctly_specified_copula","misspecified_minus_correct_same_dataset",100,100,0.000225847459049957,0.00038956017420341,-0.000547124442267408,0.000998819360367322,0.95,"paired_t","registered_dataset_seed_exact"
"C","N","moderate",0.25,150,"tau_abs_error","misspecified_copula","correctly_specified_copula","misspecified_minus_correct_same_dataset",100,100,0.00681341949576117,0.00164215262662271,0.00355503241692423,0.0100718065745981,0.95,"paired_t","registered_dataset_seed_exact"
"C","N","moderate",0.25,500,"joint_loglik","misspecified_copula","correctly_specified_copula","misspecified_minus_correct_same_dataset",100,100,-42.6199901337853,1.03805748986078,-44.6797214018883,-40.5602588656823,0.95,"paired_t","registered_dataset_seed_exact"
"C","N","moderate",0.25,500,"margin_param_rmse","misspecified_copula","correctly_specified_copula","misspecified_minus_correct_same_dataset",100,100,0.000290029647217439,0.000224544686724239,-0.000155515726569457,0.000735575021004335,0.95,"paired_t","registered_dataset_seed_exact"
"C","N","moderate",0.25,500,"tau_abs_error","misspecified_copula","correctly_specified_copula","misspecified_minus_correct_same_dataset",100,100,0.00295969077689392,0.000988120016111968,0.000999046290722705,0.00492033526306512,0.95,"paired_t","registered_dataset_seed_exact"
"N","C","high",0.55,50,"joint_loglik","misspecified_copula","correctly_specified_copula","misspecified_minus_correct_same_dataset",100,100,-15.2247855710581,0.608164354559482,-16.4315155927256,-14.0180555493905,0.95,"paired_t","registered_dataset_seed_exact"
"N","C","high",0.55,50,"margin_param_rmse","misspecified_copula","correctly_specified_copula","misspecified_minus_correct_same_dataset",100,100,0.0236058637864248,0.0048276842453147,0.0140266908699647,0.0331850367028849,0.95,"paired_t","registered_dataset_seed_exact"
"N","C","high",0.55,50,"tau_abs_error","misspecified_copula","correctly_specified_copula","misspecified_minus_correct_same_dataset",100,100,0.0718114504557113,0.00551945876141775,0.0608596468177241,0.0827632540936986,0.95,"paired_t","registered_dataset_seed_exact"
"N","C","high",0.55,150,"joint_loglik","misspecified_copula","correctly_specified_copula","misspecified_minus_correct_same_dataset",100,100,-44.3025070793922,0.96711714927303,-46.2214773211497,-42.3835368376348,0.95,"paired_t","registered_dataset_seed_exact"
"N","C","high",0.55,150,"margin_param_rmse","misspecified_copula","correctly_specified_copula","misspecified_minus_correct_same_dataset",100,100,0.0268726525828575,0.00385495162221805,0.0192235922265069,0.0345217129392081,0.95,"paired_t","registered_dataset_seed_exact"
"N","C","high",0.55,150,"tau_abs_error","misspecified_copula","correctly_specified_copula","misspecified_minus_correct_same_dataset",100,100,0.0889785995388152,0.00297937687365455,0.0830668694409453,0.0948903296366852,0.95,"paired_t","registered_dataset_seed_exact"
"N","C","high",0.55,500,"joint_loglik","misspecified_copula","correctly_specified_copula","misspecified_minus_correct_same_dataset",100,100,-151.898707415008,1.71351519265764,-155.298693307081,-148.498721522936,0.95,"paired_t","registered_dataset_seed_exact"
"N","C","high",0.55,500,"margin_param_rmse","misspecified_copula","correctly_specified_copula","misspecified_minus_correct_same_dataset",100,100,0.0380167106619643,0.0028977464711324,0.0322669529925437,0.0437664683313849,0.95,"paired_t","registered_dataset_seed_exact"
"N","C","high",0.55,500,"tau_abs_error","misspecified_copula","correctly_specified_copula","misspecified_minus_correct_same_dataset",100,100,0.0946447630678077,0.0017671001032833,0.0911384530877229,0.0981510730478926,0.95,"paired_t","registered_dataset_seed_exact"
"N","C","moderate",0.25,50,"joint_loglik","misspecified_copula","correctly_specified_copula","misspecified_minus_correct_same_dataset",100,100,-2.83168339255047,0.274046237038631,-3.37545058160099,-2.28791620349994,0.95,"paired_t","registered_dataset_seed_exact"
"N","C","moderate",0.25,50,"margin_param_rmse","misspecified_copula","correctly_specified_copula","misspecified_minus_correct_same_dataset",100,100,0.00105698089847369,0.000937410443458752,-0.000803044794031305,0.00291700659097869,0.95,"paired_t","registered_dataset_seed_exact"
"N","C","moderate",0.25,50,"tau_abs_error","misspecified_copula","correctly_specified_copula","misspecified_minus_correct_same_dataset",100,100,0.0244071808377181,0.00404860852940044,0.0163738631633443,0.0324404985120918,0.95,"paired_t","registered_dataset_seed_exact"
"N","C","moderate",0.25,150,"joint_loglik","misspecified_copula","correctly_specified_copula","misspecified_minus_correct_same_dataset",100,100,-9.58394008956379,0.38858295712375,-10.3549729801863,-8.81290719894127,0.95,"paired_t","registered_dataset_seed_exact"
"N","C","moderate",0.25,150,"margin_param_rmse","misspecified_copula","correctly_specified_copula","misspecified_minus_correct_same_dataset",100,100,0.00223646582041664,0.000926851731064162,0.000397390904031915,0.00407554073680137,0.95,"paired_t","registered_dataset_seed_exact"
"N","C","moderate",0.25,150,"tau_abs_error","misspecified_copula","correctly_specified_copula","misspecified_minus_correct_same_dataset",100,100,0.0433059292238743,0.0032946062836914,0.0367687155869707,0.0498431428607779,0.95,"paired_t","registered_dataset_seed_exact"
"N","C","moderate",0.25,500,"joint_loglik","misspecified_copula","correctly_specified_copula","misspecified_minus_correct_same_dataset",100,100,-33.141559072243,0.763216858817078,-34.6559469012444,-31.6271712432416,0.95,"paired_t","registered_dataset_seed_exact"
"N","C","moderate",0.25,500,"margin_param_rmse","misspecified_copula","correctly_specified_copula","misspecified_minus_correct_same_dataset",100,100,0.00249186168574165,0.00078158608854255,0.000941025319731397,0.0040426980517519,0.95,"paired_t","registered_dataset_seed_exact"
"N","C","moderate",0.25,500,"tau_abs_error","misspecified_copula","correctly_specified_copula","misspecified_minus_correct_same_dataset",100,100,0.0486859171388219,0.00170934901112437,0.0452941978547715,0.0520776364228724,0.95,"paired_t","registered_dataset_seed_exact"
