"scenario","n","d","rep","model","success","logLik","df","converged","hit_outer_limit","hit_max_stall","hit_raw_loglik_deterioration","stop_reason","grad_inf","step_l2","best_raw_loglik","best_raw_loglik_iteration","raw_loglik_drop_from_best","raw_loglik_drop_tol","outer_iterations","outer_log_lik_change","outer_stop_crit","elapsed_sec","error"
"n500_d4",500,4,1,"gamlss.longitudinal",TRUE,-1458.7147268068,NA,TRUE,FALSE,FALSE,FALSE,"tolerance",NA,NA,-Inf,NA,NA,10,5,0.00185202987859157,0.002,96.4574811458588,NA
"n500_d4",500,4,1,"gamlss2",TRUE,-2250.9763909419,27.4906216611115,NA,NA,NA,NA,NA,NA,NA,NA,NA,NA,NA,NA,NA,NA,5.28174090385437,NA
"n500_d4",500,4,2,"gamlss.longitudinal",TRUE,-1520.81339340535,NA,TRUE,FALSE,FALSE,FALSE,"tolerance",NA,NA,-Inf,NA,NA,10,5,0.00132145133466111,0.002,112.328688144684,NA
"n500_d4",500,4,2,"gamlss2",TRUE,-2324.08449614084,30.5959587218335,NA,NA,NA,NA,NA,NA,NA,NA,NA,NA,NA,NA,NA,NA,4.72916793823242,NA
"n500_d4",500,4,3,"gamlss.longitudinal",TRUE,-1566.41540873549,NA,TRUE,FALSE,FALSE,FALSE,"tolerance",NA,NA,-Inf,NA,NA,10,3,0.00103590946218901,0.002,87.747899055481,NA
"n500_d4",500,4,3,"gamlss2",TRUE,-2443.31476823068,25.1927136377282,NA,NA,NA,NA,NA,NA,NA,NA,NA,NA,NA,NA,NA,NA,4.12100601196289,NA
"n500_d4",500,4,4,"gamlss.longitudinal",TRUE,-1543.32773704798,NA,TRUE,FALSE,FALSE,FALSE,"tolerance",NA,NA,-Inf,NA,NA,10,4,0.000979137447302492,0.002,75.2228410243988,NA
"n500_d4",500,4,4,"gamlss2",TRUE,-2381.2981847683,32.2123481621931,NA,NA,NA,NA,NA,NA,NA,NA,NA,NA,NA,NA,NA,NA,2.74699902534485,NA
"n500_d4",500,4,5,"gamlss.longitudinal",TRUE,-1422.41146383661,NA,TRUE,FALSE,FALSE,FALSE,"tolerance",NA,NA,-Inf,NA,NA,10,5,0.000879555481560601,0.002,108.223638057709,NA
"n500_d4",500,4,5,"gamlss2",TRUE,-2232.54631691584,30.1907749649238,NA,NA,NA,NA,NA,NA,NA,NA,NA,NA,NA,NA,NA,NA,2.61967206001282,NA
"n500_d4",500,4,6,"gamlss.longitudinal",TRUE,-1555.66016413841,NA,TRUE,FALSE,FALSE,FALSE,"tolerance",NA,NA,-Inf,NA,NA,10,5,0.00186043701410199,0.002,104.00848197937,NA
"n500_d4",500,4,6,"gamlss2",TRUE,-2333.15979396925,28.4444570601073,NA,NA,NA,NA,NA,NA,NA,NA,NA,NA,NA,NA,NA,NA,5.34562993049622,NA
"n500_d4",500,4,7,"gamlss.longitudinal",TRUE,-1584.34899843505,NA,TRUE,FALSE,FALSE,FALSE,"tolerance",NA,NA,-Inf,NA,NA,10,4,0.000570404399923063,0.002,102.983590841293,NA
"n500_d4",500,4,7,"gamlss2",TRUE,-2358.09547257152,27.5513867471283,NA,NA,NA,NA,NA,NA,NA,NA,NA,NA,NA,NA,NA,NA,3.92253804206848,NA
"n500_d4",500,4,8,"gamlss.longitudinal",TRUE,-1490.12218720062,NA,TRUE,FALSE,FALSE,FALSE,"tolerance",NA,NA,-Inf,NA,NA,10,4,0.000563821435662248,0.002,89.2818419933319,NA
"n500_d4",500,4,8,"gamlss2",TRUE,-2284.29799968051,29.9254156978555,NA,NA,NA,NA,NA,NA,NA,NA,NA,NA,NA,NA,NA,NA,4.71554899215698,NA
"n500_d4",500,4,9,"gamlss.longitudinal",TRUE,-1491.79758197765,NA,TRUE,FALSE,FALSE,FALSE,"tolerance",NA,NA,-Inf,NA,NA,10,4,0.000983986452865793,0.002,85.3402299880981,NA
"n500_d4",500,4,9,"gamlss2",TRUE,-2315.10804691692,30.9763029330198,NA,NA,NA,NA,NA,NA,NA,NA,NA,NA,NA,NA,NA,NA,6.73646593093872,NA
"n500_d4",500,4,10,"gamlss.longitudinal",TRUE,-1525.01311804092,NA,TRUE,FALSE,FALSE,FALSE,"tolerance",NA,NA,-Inf,NA,NA,10,3,0.000939232767677822,0.002,73.7091119289398,NA
"n500_d4",500,4,10,"gamlss2",TRUE,-2366.59303113434,32.6374542591217,NA,NA,NA,NA,NA,NA,NA,NA,NA,NA,NA,NA,NA,NA,4.6542820930481,NA
"n500_d4",500,4,11,"gamlss.longitudinal",TRUE,-1521.30399299873,NA,TRUE,FALSE,FALSE,FALSE,"tolerance",NA,NA,-Inf,NA,NA,10,4,0.00102507470001001,0.002,117.582516908646,NA
"n500_d4",500,4,11,"gamlss2",TRUE,-2367.25290720527,28.3405859693198,NA,NA,NA,NA,NA,NA,NA,NA,NA,NA,NA,NA,NA,NA,3.83577394485474,NA
"n500_d4",500,4,12,"gamlss.longitudinal",TRUE,-1596.74124689887,NA,TRUE,FALSE,FALSE,FALSE,"tolerance",NA,NA,-Inf,NA,NA,10,3,0.000684644275906976,0.002,75.1670398712158,NA
"n500_d4",500,4,12,"gamlss2",TRUE,-2297.74185196485,30.9119438956269,NA,NA,NA,NA,NA,NA,NA,NA,NA,NA,NA,NA,NA,NA,3.56994104385376,NA
"n500_d4",500,4,13,"gamlss.longitudinal",TRUE,-1563.35607642477,NA,TRUE,FALSE,FALSE,FALSE,"tolerance",NA,NA,-Inf,NA,NA,10,3,0.001934012461561,0.002,89.8684020042419,NA
"n500_d4",500,4,13,"gamlss2",TRUE,-2319.11713466724,29.494606135476,NA,NA,NA,NA,NA,NA,NA,NA,NA,NA,NA,NA,NA,NA,4.07166600227356,NA
"n500_d4",500,4,14,"gamlss.longitudinal",TRUE,-1615.85291202251,NA,TRUE,FALSE,FALSE,FALSE,"tolerance",NA,NA,-Inf,NA,NA,10,4,0.00119428846483061,0.002,92.1572031974792,NA
"n500_d4",500,4,14,"gamlss2",TRUE,-2421.62866237274,29.6513100608309,NA,NA,NA,NA,NA,NA,NA,NA,NA,NA,NA,NA,NA,NA,4.46705102920532,NA
"n500_d4",500,4,15,"gamlss.longitudinal",TRUE,-1460.91721415786,NA,TRUE,FALSE,FALSE,FALSE,"tolerance",NA,NA,-Inf,NA,NA,10,5,0.000689463409571545,0.002,88.0155160427094,NA
"n500_d4",500,4,15,"gamlss2",TRUE,-2162.37618449268,28.3703821521957,NA,NA,NA,NA,NA,NA,NA,NA,NA,NA,NA,NA,NA,NA,3.6795220375061,NA
"n500_d4",500,4,16,"gamlss.longitudinal",TRUE,-1592.2545356982,NA,TRUE,FALSE,FALSE,FALSE,"tolerance",NA,NA,-Inf,NA,NA,10,3,0.000846981334461816,0.002,89.2369031906128,NA
"n500_d4",500,4,16,"gamlss2",TRUE,-2522.55276498078,24.4948660510478,NA,NA,NA,NA,NA,NA,NA,NA,NA,NA,NA,NA,NA,NA,3.83865404129028,NA
"n500_d4",500,4,17,"gamlss.longitudinal",TRUE,-1532.76629362624,NA,TRUE,FALSE,FALSE,FALSE,"tolerance",NA,NA,-Inf,NA,NA,10,4,0.00106936608244723,0.002,86.3146150112152,NA
"n500_d4",500,4,17,"gamlss2",TRUE,-2321.56360377688,31.1996685396882,NA,NA,NA,NA,NA,NA,NA,NA,NA,NA,NA,NA,NA,NA,4.04227995872498,NA
"n500_d4",500,4,18,"gamlss.longitudinal",TRUE,-1512.56092268727,NA,TRUE,FALSE,FALSE,FALSE,"tolerance",NA,NA,-Inf,NA,NA,10,3,0.00131110868801443,0.002,77.4994349479675,NA
"n500_d4",500,4,18,"gamlss2",TRUE,-2345.72281241259,25.4830060384358,NA,NA,NA,NA,NA,NA,NA,NA,NA,NA,NA,NA,NA,NA,4.00978708267212,NA
"n500_d4",500,4,19,"gamlss.longitudinal",TRUE,-1593.64747019235,NA,TRUE,FALSE,FALSE,FALSE,"tolerance",NA,NA,-Inf,NA,NA,10,4,0.000716537057996902,0.002,97.6697030067444,NA
"n500_d4",500,4,19,"gamlss2",TRUE,-2358.7557536042,30.297874479517,NA,NA,NA,NA,NA,NA,NA,NA,NA,NA,NA,NA,NA,NA,3.21057987213135,NA
"n500_d4",500,4,20,"gamlss.longitudinal",TRUE,-1558.66364944651,NA,TRUE,FALSE,FALSE,FALSE,"tolerance",NA,NA,-Inf,NA,NA,10,3,0.000789257974702195,0.002,94.3008131980896,NA
"n500_d4",500,4,20,"gamlss2",TRUE,-2296.67241979422,27.595458758282,NA,NA,NA,NA,NA,NA,NA,NA,NA,NA,NA,NA,NA,NA,3.7265248298645,NA
"n500_d4",500,4,21,"gamlss.longitudinal",TRUE,-1517.01429974615,NA,TRUE,FALSE,FALSE,FALSE,"tolerance",NA,NA,-Inf,NA,NA,10,4,0.00075863876350013,0.002,95.243203163147,NA
"n500_d4",500,4,21,"gamlss2",TRUE,-2265.02497316614,27.7444897152501,NA,NA,NA,NA,NA,NA,NA,NA,NA,NA,NA,NA,NA,NA,4.1958110332489,NA
"n500_d4",500,4,22,"gamlss.longitudinal",TRUE,-1573.57156889445,NA,TRUE,FALSE,FALSE,FALSE,"tolerance",NA,NA,-Inf,NA,NA,10,10,0.00196807404472565,0.002,124.440429925919,NA
"n500_d4",500,4,22,"gamlss2",TRUE,-2394.77027923767,28.9932884159411,NA,NA,NA,NA,NA,NA,NA,NA,NA,NA,NA,NA,NA,NA,3.69004392623901,NA
"n500_d4",500,4,23,"gamlss.longitudinal",TRUE,-1566.45942858519,NA,TRUE,FALSE,FALSE,FALSE,"tolerance",NA,NA,-Inf,NA,NA,10,3,0.00130519283675312,0.002,83.4902360439301,NA
"n500_d4",500,4,23,"gamlss2",TRUE,-2334.24898275738,31.4753939220946,NA,NA,NA,NA,NA,NA,NA,NA,NA,NA,NA,NA,NA,NA,3.48608803749084,NA
"n500_d4",500,4,24,"gamlss.longitudinal",TRUE,-1410.2349557002,NA,TRUE,FALSE,FALSE,FALSE,"tolerance",NA,NA,-Inf,NA,NA,10,9,0.00103123340682032,0.002,180.640557050705,NA
"n500_d4",500,4,24,"gamlss2",TRUE,-2243.70873206589,25.3916529019798,NA,NA,NA,NA,NA,NA,NA,NA,NA,NA,NA,NA,NA,NA,4.88030099868774,NA
"n500_d4",500,4,25,"gamlss.longitudinal",TRUE,-1559.37892978991,NA,TRUE,FALSE,FALSE,FALSE,"tolerance",NA,NA,-Inf,NA,NA,10,4,0.000613625611322277,0.002,83.0144159793854,NA
"n500_d4",500,4,25,"gamlss2",TRUE,-2321.26597826729,29.8268404109154,NA,NA,NA,NA,NA,NA,NA,NA,NA,NA,NA,NA,NA,NA,3.63508081436157,NA
"n500_d4",500,4,26,"gamlss.longitudinal",TRUE,-1508.28497897333,NA,TRUE,FALSE,FALSE,FALSE,"tolerance",NA,NA,-Inf,NA,NA,10,3,0.000656107152053664,0.002,67.9361021518707,NA
"n500_d4",500,4,26,"gamlss2",TRUE,-2257.65440700881,28.7031865286873,NA,NA,NA,NA,NA,NA,NA,NA,NA,NA,NA,NA,NA,NA,3.31814384460449,NA
"n500_d4",500,4,27,"gamlss.longitudinal",TRUE,-1492.23632201822,NA,TRUE,FALSE,FALSE,FALSE,"tolerance",NA,NA,-Inf,NA,NA,10,5,0.00157116278251124,0.002,104.883306026459,NA
"n500_d4",500,4,27,"gamlss2",TRUE,-2238.91110856917,28.8670589121069,NA,NA,NA,NA,NA,NA,NA,NA,NA,NA,NA,NA,NA,NA,4.15959000587463,NA
"n500_d4",500,4,28,"gamlss.longitudinal",TRUE,-1508.10808666995,NA,TRUE,FALSE,FALSE,FALSE,"tolerance",NA,NA,-Inf,NA,NA,10,4,0.000896207852747466,0.002,95.2178790569305,NA
"n500_d4",500,4,28,"gamlss2",TRUE,-2244.53077618119,31.9242521043193,NA,NA,NA,NA,NA,NA,NA,NA,NA,NA,NA,NA,NA,NA,4.15229487419128,NA
"n500_d4",500,4,29,"gamlss.longitudinal",TRUE,-1555.45135661821,NA,TRUE,FALSE,FALSE,FALSE,"tolerance",NA,NA,-Inf,NA,NA,10,4,0.000592618168184345,0.002,79.8410029411316,NA
"n500_d4",500,4,29,"gamlss2",TRUE,-2323.1421783241,28.9362945669335,NA,NA,NA,NA,NA,NA,NA,NA,NA,NA,NA,NA,NA,NA,3.84848189353943,NA
"n500_d4",500,4,30,"gamlss.longitudinal",TRUE,-1551.79808370514,NA,TRUE,FALSE,FALSE,FALSE,"tolerance",NA,NA,-Inf,NA,NA,10,4,0.00102093027498995,0.002,63.0336110591888,NA
"n500_d4",500,4,30,"gamlss2",TRUE,-2269.37989955867,31.095897109521,NA,NA,NA,NA,NA,NA,NA,NA,NA,NA,NA,NA,NA,NA,3.04916715621948,NA
"n500_d4",500,4,31,"gamlss.longitudinal",TRUE,-1587.23121216657,NA,TRUE,FALSE,FALSE,FALSE,"tolerance",NA,NA,-Inf,NA,NA,10,5,0.00174846163963593,0.002,90.291846036911,NA
"n500_d4",500,4,31,"gamlss2",TRUE,-2347.74228571548,28.3636644978425,NA,NA,NA,NA,NA,NA,NA,NA,NA,NA,NA,NA,NA,NA,4.36088490486145,NA
"n500_d4",500,4,32,"gamlss.longitudinal",TRUE,-1479.51544716594,NA,TRUE,FALSE,FALSE,FALSE,"tolerance",NA,NA,-Inf,NA,NA,10,4,0.000641673315840308,0.002,113.361236095428,NA
"n500_d4",500,4,32,"gamlss2",TRUE,-2273.49730017545,32.7828945970614,NA,NA,NA,NA,NA,NA,NA,NA,NA,NA,NA,NA,NA,NA,4.3815279006958,NA
"n500_d4",500,4,33,"gamlss.longitudinal",TRUE,-1530.20279818956,NA,TRUE,FALSE,FALSE,FALSE,"tolerance",NA,NA,-Inf,NA,NA,10,9,0.00139052511372029,0.002,163.801056146622,NA
"n500_d4",500,4,33,"gamlss2",TRUE,-2253.31172546708,27.2354133572206,NA,NA,NA,NA,NA,NA,NA,NA,NA,NA,NA,NA,NA,NA,4.08853793144226,NA
"n500_d4",500,4,34,"gamlss.longitudinal",TRUE,-1538.71239718357,NA,TRUE,FALSE,FALSE,FALSE,"tolerance",NA,NA,-Inf,NA,NA,10,13,0.00144334477636221,0.002,131.251270055771,NA
"n500_d4",500,4,34,"gamlss2",TRUE,-2417.6823696822,30.4295221531642,NA,NA,NA,NA,NA,NA,NA,NA,NA,NA,NA,NA,NA,NA,3.71823406219482,NA
"n500_d4",500,4,35,"gamlss.longitudinal",TRUE,-1466.47144075429,NA,TRUE,FALSE,FALSE,FALSE,"tolerance",NA,NA,-Inf,NA,NA,10,4,0.000647568886734007,0.002,97.939316034317,NA
"n500_d4",500,4,35,"gamlss2",TRUE,-2264.87075646422,31.5124651317735,NA,NA,NA,NA,NA,NA,NA,NA,NA,NA,NA,NA,NA,NA,4.7808198928833,NA
"n500_d4",500,4,36,"gamlss.longitudinal",TRUE,-1546.40157678368,NA,TRUE,FALSE,FALSE,FALSE,"tolerance",NA,NA,-Inf,NA,NA,10,4,0.000414882469613076,0.002,105.800659179688,NA
"n500_d4",500,4,36,"gamlss2",TRUE,-2300.40252740623,31.9473921888721,NA,NA,NA,NA,NA,NA,NA,NA,NA,NA,NA,NA,NA,NA,3.41819596290588,NA
"n500_d4",500,4,37,"gamlss.longitudinal",TRUE,-1550.84085368568,NA,TRUE,FALSE,FALSE,FALSE,"tolerance",NA,NA,-Inf,NA,NA,10,3,0.0016375040006551,0.002,76.6895558834076,NA
"n500_d4",500,4,37,"gamlss2",TRUE,-2257.92239831793,30.2885783963058,NA,NA,NA,NA,NA,NA,NA,NA,NA,NA,NA,NA,NA,NA,4.00702404975891,NA
"n500_d4",500,4,38,"gamlss.longitudinal",TRUE,-1668.19770684262,NA,TRUE,FALSE,FALSE,FALSE,"tolerance",NA,NA,-Inf,NA,NA,10,6,0.00105659742962416,0.002,107.229275941849,NA
"n500_d4",500,4,38,"gamlss2",TRUE,-2380.09520495073,33.231586243926,NA,NA,NA,NA,NA,NA,NA,NA,NA,NA,NA,NA,NA,NA,3.75095701217651,NA
"n500_d4",500,4,39,"gamlss.longitudinal",TRUE,-1527.89138970599,NA,TRUE,FALSE,FALSE,FALSE,"tolerance",NA,NA,-Inf,NA,NA,10,3,0.00070342603453355,0.002,69.0679230690002,NA
"n500_d4",500,4,39,"gamlss2",TRUE,-2353.78818489337,30.843362104442,NA,NA,NA,NA,NA,NA,NA,NA,NA,NA,NA,NA,NA,NA,4.4334728717804,NA
"n500_d4",500,4,40,"gamlss.longitudinal",TRUE,-1373.78624161408,NA,TRUE,FALSE,FALSE,FALSE,"tolerance",NA,NA,-Inf,NA,NA,10,4,0.00177728242761077,0.002,82.9499709606171,NA
"n500_d4",500,4,40,"gamlss2",TRUE,-2135.43772862311,28.5341743625927,NA,NA,NA,NA,NA,NA,NA,NA,NA,NA,NA,NA,NA,NA,3.43479800224304,NA
"n500_d4",500,4,41,"gamlss.longitudinal",TRUE,-1573.09062425185,NA,TRUE,FALSE,FALSE,FALSE,"tolerance",NA,NA,-Inf,NA,NA,10,3,0.00187653271063937,0.002,87.1040179729462,NA
"n500_d4",500,4,41,"gamlss2",TRUE,-2277.08502712885,32.6383799849553,NA,NA,NA,NA,NA,NA,NA,NA,NA,NA,NA,NA,NA,NA,3.40987992286682,NA
"n500_d4",500,4,42,"gamlss.longitudinal",TRUE,-1412.88902121275,NA,TRUE,FALSE,FALSE,FALSE,"tolerance",NA,NA,-Inf,NA,NA,10,4,0.00104551195022395,0.002,97.0741121768951,NA
"n500_d4",500,4,42,"gamlss2",TRUE,-2229.54421575902,28.7748316695714,NA,NA,NA,NA,NA,NA,NA,NA,NA,NA,NA,NA,NA,NA,5.58166599273682,NA
"n500_d4",500,4,43,"gamlss.longitudinal",TRUE,-1453.95343746363,NA,TRUE,FALSE,FALSE,FALSE,"tolerance",NA,NA,-Inf,NA,NA,10,5,0.000943845670917653,0.002,108.783747911453,NA
"n500_d4",500,4,43,"gamlss2",TRUE,-2310.44392332004,30.4835441247836,NA,NA,NA,NA,NA,NA,NA,NA,NA,NA,NA,NA,NA,NA,9.34757208824158,NA
"n500_d4",500,4,44,"gamlss.longitudinal",TRUE,-1481.55632261581,NA,TRUE,FALSE,FALSE,FALSE,"tolerance",NA,NA,-Inf,NA,NA,10,6,0.000589809717666867,0.002,106.189346075058,NA
"n500_d4",500,4,44,"gamlss2",TRUE,-2208.91476803581,27.7091955572991,NA,NA,NA,NA,NA,NA,NA,NA,NA,NA,NA,NA,NA,NA,4.97596287727356,NA
"n500_d4",500,4,45,"gamlss.longitudinal",TRUE,-1599.37704372891,NA,TRUE,FALSE,FALSE,FALSE,"tolerance",NA,NA,-Inf,NA,NA,10,3,0.00185209771507289,0.002,86.0853190422058,NA
"n500_d4",500,4,45,"gamlss2",TRUE,-2309.2870612728,29.4796214665458,NA,NA,NA,NA,NA,NA,NA,NA,NA,NA,NA,NA,NA,NA,4.04035997390747,NA
"n500_d4",500,4,46,"gamlss.longitudinal",TRUE,-1560.73193664063,NA,TRUE,FALSE,FALSE,FALSE,"tolerance",NA,NA,-Inf,NA,NA,10,2,0.00120821631753643,0.002,83.9775309562683,NA
"n500_d4",500,4,46,"gamlss2",TRUE,-2385.78449565883,30.0885365773448,NA,NA,NA,NA,NA,NA,NA,NA,NA,NA,NA,NA,NA,NA,3.7218279838562,NA
"n500_d4",500,4,47,"gamlss.longitudinal",TRUE,-1588.78105001462,NA,TRUE,FALSE,FALSE,FALSE,"tolerance",NA,NA,-Inf,NA,NA,10,3,0.00136574121870581,0.002,86.8950440883636,NA
"n500_d4",500,4,47,"gamlss2",TRUE,-2415.98219382728,31.5708064211596,NA,NA,NA,NA,NA,NA,NA,NA,NA,NA,NA,NA,NA,NA,5.28196597099304,NA
"n500_d4",500,4,48,"gamlss.longitudinal",TRUE,-1471.26151527454,NA,TRUE,FALSE,FALSE,FALSE,"tolerance",NA,NA,-Inf,NA,NA,10,3,0.000481130578464217,0.002,83.8424639701843,NA
"n500_d4",500,4,48,"gamlss2",TRUE,-2215.35095677732,28.8367697409781,NA,NA,NA,NA,NA,NA,NA,NA,NA,NA,NA,NA,NA,NA,4.09853315353394,NA
"n500_d4",500,4,49,"gamlss.longitudinal",TRUE,-1515.74774076713,NA,TRUE,FALSE,FALSE,FALSE,"tolerance",NA,NA,-Inf,NA,NA,10,3,0.00121955178656208,0.002,96.758269071579,NA
"n500_d4",500,4,49,"gamlss2",TRUE,-2322.72567744068,30.0789186245545,NA,NA,NA,NA,NA,NA,NA,NA,NA,NA,NA,NA,NA,NA,6.88431096076965,NA
"n500_d4",500,4,50,"gamlss.longitudinal",TRUE,-1542.65896813993,NA,TRUE,FALSE,FALSE,FALSE,"tolerance",NA,NA,-Inf,NA,NA,10,3,0.00124186603306953,0.002,87.8649661540985,NA
"n500_d4",500,4,50,"gamlss2",TRUE,-2330.77008768649,31.0917448134587,NA,NA,NA,NA,NA,NA,NA,NA,NA,NA,NA,NA,NA,NA,4.18647718429565,NA
"n500_d4",500,4,51,"gamlss.longitudinal",TRUE,-1537.15349159615,NA,TRUE,FALSE,FALSE,FALSE,"tolerance",NA,NA,-Inf,NA,NA,10,4,0.00062872004377823,0.002,105.686820030212,NA
"n500_d4",500,4,51,"gamlss2",TRUE,-2332.54638003324,30.8846099951846,NA,NA,NA,NA,NA,NA,NA,NA,NA,NA,NA,NA,NA,NA,4.03344297409058,NA
"n500_d4",500,4,52,"gamlss.longitudinal",TRUE,-1482.15466995297,NA,TRUE,FALSE,FALSE,FALSE,"tolerance",NA,NA,-Inf,NA,NA,10,3,0.00125365623034668,0.002,105.770486831665,NA
"n500_d4",500,4,52,"gamlss2",TRUE,-2238.05534634448,28.6235196322985,NA,NA,NA,NA,NA,NA,NA,NA,NA,NA,NA,NA,NA,NA,4.55557489395142,NA
"n500_d4",500,4,53,"gamlss.longitudinal",TRUE,-1531.75911994487,NA,TRUE,FALSE,FALSE,FALSE,"tolerance",NA,NA,-Inf,NA,NA,10,4,0.000471606215342035,0.002,125.076649904251,NA
"n500_d4",500,4,53,"gamlss2",TRUE,-2259.15944722643,26.1476053653001,NA,NA,NA,NA,NA,NA,NA,NA,NA,NA,NA,NA,NA,NA,4.60269689559937,NA
"n500_d4",500,4,54,"gamlss.longitudinal",TRUE,-1436.91541619233,NA,TRUE,FALSE,FALSE,FALSE,"tolerance",NA,NA,-Inf,NA,NA,10,3,0.000655120140891086,0.002,83.8166649341583,NA
"n500_d4",500,4,54,"gamlss2",TRUE,-2192.72264983763,28.5344130073162,NA,NA,NA,NA,NA,NA,NA,NA,NA,NA,NA,NA,NA,NA,6.18898105621338,NA
"n500_d4",500,4,55,"gamlss.longitudinal",TRUE,-1360.80890266685,NA,TRUE,FALSE,FALSE,FALSE,"tolerance",NA,NA,-Inf,NA,NA,10,4,0.00159654030721867,0.002,92.6345961093903,NA
"n500_d4",500,4,55,"gamlss2",TRUE,-2129.92036029392,32.0036069727915,NA,NA,NA,NA,NA,NA,NA,NA,NA,NA,NA,NA,NA,NA,3.56654596328735,NA
"n500_d4",500,4,56,"gamlss.longitudinal",TRUE,-1565.10712316565,NA,TRUE,FALSE,FALSE,FALSE,"tolerance",NA,NA,-Inf,NA,NA,10,4,0.000619662067720128,0.002,95.8325660228729,NA
"n500_d4",500,4,56,"gamlss2",TRUE,-2337.74366270083,31.59888706203,NA,NA,NA,NA,NA,NA,NA,NA,NA,NA,NA,NA,NA,NA,4.21722197532654,NA
"n500_d4",500,4,57,"gamlss.longitudinal",TRUE,-1424.90446367936,NA,TRUE,FALSE,FALSE,FALSE,"tolerance",NA,NA,-Inf,NA,NA,10,3,0.00122725233813981,0.002,93.2809228897095,NA
"n500_d4",500,4,57,"gamlss2",TRUE,-2240.26022952613,29.2626868719506,NA,NA,NA,NA,NA,NA,NA,NA,NA,NA,NA,NA,NA,NA,3.82266998291016,NA
"n500_d4",500,4,58,"gamlss.longitudinal",TRUE,-1520.30843858269,NA,TRUE,FALSE,FALSE,FALSE,"tolerance",NA,NA,-Inf,NA,NA,10,3,0.00118505694626947,0.002,93.4212160110474,NA
"n500_d4",500,4,58,"gamlss2",TRUE,-2273.28173209008,28.0573286191117,NA,NA,NA,NA,NA,NA,NA,NA,NA,NA,NA,NA,NA,NA,4.60426497459412,NA
"n500_d4",500,4,59,"gamlss.longitudinal",TRUE,-1603.86988467911,NA,TRUE,FALSE,FALSE,FALSE,"tolerance",NA,NA,-Inf,NA,NA,10,3,0.000774443373757094,0.002,90.7655889987946,NA
"n500_d4",500,4,59,"gamlss2",TRUE,-2417.40473257482,30.6688472173455,NA,NA,NA,NA,NA,NA,NA,NA,NA,NA,NA,NA,NA,NA,4.8113009929657,NA
"n500_d4",500,4,60,"gamlss.longitudinal",TRUE,-1402.07212144282,NA,TRUE,FALSE,FALSE,FALSE,"tolerance",NA,NA,-Inf,NA,NA,10,6,0.00198405446963079,0.002,121.248601913452,NA
"n500_d4",500,4,60,"gamlss2",TRUE,-2170.51698530468,31.7748429715796,NA,NA,NA,NA,NA,NA,NA,NA,NA,NA,NA,NA,NA,NA,12.7910940647125,NA
"n500_d4",500,4,61,"gamlss.longitudinal",TRUE,-1455.10998209336,NA,TRUE,FALSE,FALSE,FALSE,"tolerance",NA,NA,-Inf,NA,NA,10,3,0.000785669151355251,0.002,83.3758141994476,NA
"n500_d4",500,4,61,"gamlss2",TRUE,-2221.68101527504,31.804123145336,NA,NA,NA,NA,NA,NA,NA,NA,NA,NA,NA,NA,NA,NA,3.7453761100769,NA
"n500_d4",500,4,62,"gamlss.longitudinal",TRUE,-1446.35017674465,NA,TRUE,FALSE,FALSE,FALSE,"tolerance",NA,NA,-Inf,NA,NA,10,4,0.00110300315373024,0.002,101.653337955475,NA
"n500_d4",500,4,62,"gamlss2",TRUE,-2277.40982041763,23.4393973490637,NA,NA,NA,NA,NA,NA,NA,NA,NA,NA,NA,NA,NA,NA,3.92792510986328,NA
"n500_d4",500,4,63,"gamlss.longitudinal",TRUE,-1413.64702615162,NA,TRUE,FALSE,FALSE,FALSE,"tolerance",NA,NA,-Inf,NA,NA,10,4,0.000835541018204822,0.002,91.2899038791656,NA
"n500_d4",500,4,63,"gamlss2",TRUE,-2178.80838470065,32.5695008121554,NA,NA,NA,NA,NA,NA,NA,NA,NA,NA,NA,NA,NA,NA,4.46836090087891,NA
"n500_d4",500,4,64,"gamlss.longitudinal",TRUE,-1493.48985414709,NA,TRUE,FALSE,FALSE,FALSE,"tolerance",NA,NA,-Inf,NA,NA,10,3,0.000462647107269731,0.002,96.8147871494293,NA
"n500_d4",500,4,64,"gamlss2",TRUE,-2175.77658540708,30.1687004732151,NA,NA,NA,NA,NA,NA,NA,NA,NA,NA,NA,NA,NA,NA,3.40923810005188,NA
"n500_d4",500,4,65,"gamlss.longitudinal",TRUE,-1388.17016478417,NA,TRUE,FALSE,FALSE,FALSE,"tolerance",NA,NA,-Inf,NA,NA,10,4,0.00127147519197024,0.002,85.1783628463745,NA
"n500_d4",500,4,65,"gamlss2",TRUE,-2159.17806489136,28.9256774178796,NA,NA,NA,NA,NA,NA,NA,NA,NA,NA,NA,NA,NA,NA,3.66563487052917,NA
"n500_d4",500,4,66,"gamlss.longitudinal",TRUE,-1555.93061604438,NA,TRUE,FALSE,FALSE,FALSE,"tolerance",NA,NA,-Inf,NA,NA,10,4,0.000812287540611578,0.002,83.4307651519775,NA
"n500_d4",500,4,66,"gamlss2",TRUE,-2265.02712535949,30.9082961106005,NA,NA,NA,NA,NA,NA,NA,NA,NA,NA,NA,NA,NA,NA,7.21774196624756,NA
"n500_d4",500,4,67,"gamlss.longitudinal",TRUE,-1554.63278515352,NA,TRUE,FALSE,FALSE,FALSE,"tolerance",NA,NA,-Inf,NA,NA,10,4,0.000846273974957512,0.002,79.3959848880768,NA
"n500_d4",500,4,67,"gamlss2",TRUE,-2522.90457019509,24.0120295661629,NA,NA,NA,NA,NA,NA,NA,NA,NA,NA,NA,NA,NA,NA,5.04356288909912,NA
"n500_d4",500,4,68,"gamlss.longitudinal",TRUE,-1569.86439192476,NA,TRUE,FALSE,FALSE,FALSE,"tolerance",NA,NA,-Inf,NA,NA,10,11,0.00157719734693273,0.002,193.132941007614,NA
"n500_d4",500,4,68,"gamlss2",TRUE,-2469.50064081362,25.8396546858215,NA,NA,NA,NA,NA,NA,NA,NA,NA,NA,NA,NA,NA,NA,3.427570104599,NA
"n500_d4",500,4,69,"gamlss.longitudinal",TRUE,-1553.1256574223,NA,TRUE,FALSE,FALSE,FALSE,"tolerance",NA,NA,-Inf,NA,NA,10,5,0.000715112777697868,0.002,108.509853839874,NA
"n500_d4",500,4,69,"gamlss2",TRUE,-2316.24811860799,26.7459344804381,NA,NA,NA,NA,NA,NA,NA,NA,NA,NA,NA,NA,NA,NA,3.95679187774658,NA
"n500_d4",500,4,70,"gamlss.longitudinal",TRUE,-1487.32361289378,NA,TRUE,FALSE,FALSE,FALSE,"tolerance",NA,NA,-Inf,NA,NA,10,4,0.000798761047690277,0.002,90.9498779773712,NA
"n500_d4",500,4,70,"gamlss2",TRUE,-2265.67533239323,23.764324704414,NA,NA,NA,NA,NA,NA,NA,NA,NA,NA,NA,NA,NA,NA,4.83574891090393,NA
"n500_d4",500,4,71,"gamlss.longitudinal",TRUE,-1454.69574741168,NA,TRUE,FALSE,FALSE,FALSE,"tolerance",NA,NA,-Inf,NA,NA,10,3,0.00107424005341272,0.002,83.7717139720917,NA
"n500_d4",500,4,71,"gamlss2",TRUE,-2336.21316436505,25.1236803093336,NA,NA,NA,NA,NA,NA,NA,NA,NA,NA,NA,NA,NA,NA,4.27863788604736,NA
"n500_d4",500,4,72,"gamlss.longitudinal",TRUE,-1613.2513955561,NA,TRUE,FALSE,FALSE,FALSE,"tolerance",NA,NA,-Inf,NA,NA,10,4,0.000793086784597108,0.002,91.4311559200287,NA
"n500_d4",500,4,72,"gamlss2",TRUE,-2355.31279060968,32.6801471980735,NA,NA,NA,NA,NA,NA,NA,NA,NA,NA,NA,NA,NA,NA,4.30517387390137,NA
"n500_d4",500,4,73,"gamlss.longitudinal",TRUE,-1523.68000835355,NA,TRUE,FALSE,FALSE,FALSE,"tolerance",NA,NA,-Inf,NA,NA,10,4,0.000639630174191552,0.002,108.949630975723,NA
"n500_d4",500,4,73,"gamlss2",TRUE,-2318.37885448699,29.0100763607571,NA,NA,NA,NA,NA,NA,NA,NA,NA,NA,NA,NA,NA,NA,5.62388300895691,NA
"n500_d4",500,4,74,"gamlss.longitudinal",TRUE,-1548.90433733632,NA,TRUE,FALSE,FALSE,FALSE,"tolerance",NA,NA,-Inf,NA,NA,10,6,0.00196847739039185,0.002,113.76678609848,NA
"n500_d4",500,4,74,"gamlss2",TRUE,-2287.89036081547,31.9533416578598,NA,NA,NA,NA,NA,NA,NA,NA,NA,NA,NA,NA,NA,NA,10.9928178787231,NA
"n500_d4",500,4,75,"gamlss.longitudinal",TRUE,-1549.40946366923,NA,TRUE,FALSE,FALSE,FALSE,"tolerance",NA,NA,-Inf,NA,NA,10,3,0.00116651456778527,0.002,87.6866579055786,NA
"n500_d4",500,4,75,"gamlss2",TRUE,-2269.58379649541,32.2664149428172,NA,NA,NA,NA,NA,NA,NA,NA,NA,NA,NA,NA,NA,NA,7.32018899917603,NA
"n500_d4",500,4,76,"gamlss.longitudinal",TRUE,-1459.54176721378,NA,TRUE,FALSE,FALSE,FALSE,"tolerance",NA,NA,-Inf,NA,NA,10,4,0.00147105742576059,0.002,96.2550859451294,NA
"n500_d4",500,4,76,"gamlss2",TRUE,-2290.80237507938,30.6542720944302,NA,NA,NA,NA,NA,NA,NA,NA,NA,NA,NA,NA,NA,NA,3.91398215293884,NA
"n500_d4",500,4,77,"gamlss.longitudinal",TRUE,-1445.74706650333,NA,TRUE,FALSE,FALSE,FALSE,"tolerance",NA,NA,-Inf,NA,NA,10,5,0.000859075105609008,0.002,97.9402840137482,NA
"n500_d4",500,4,77,"gamlss2",TRUE,-2185.82099831742,25.9879039771243,NA,NA,NA,NA,NA,NA,NA,NA,NA,NA,NA,NA,NA,NA,5.04782581329346,NA
"n500_d4",500,4,78,"gamlss.longitudinal",TRUE,-1432.15058904064,NA,TRUE,FALSE,FALSE,FALSE,"tolerance",NA,NA,-Inf,NA,NA,10,3,0.000949931177501639,0.002,86.1843991279602,NA
"n500_d4",500,4,78,"gamlss2",TRUE,-2253.8045389161,28.5567719175718,NA,NA,NA,NA,NA,NA,NA,NA,NA,NA,NA,NA,NA,NA,4.08386206626892,NA
"n500_d4",500,4,79,"gamlss.longitudinal",TRUE,-1474.38485474992,NA,TRUE,FALSE,FALSE,FALSE,"tolerance",NA,NA,-Inf,NA,NA,10,4,0.000834926173411077,0.002,94.7555360794067,NA
"n500_d4",500,4,79,"gamlss2",TRUE,-2197.53641243348,29.2494920666719,NA,NA,NA,NA,NA,NA,NA,NA,NA,NA,NA,NA,NA,NA,3.36275506019592,NA
"n500_d4",500,4,80,"gamlss.longitudinal",TRUE,-1559.96095167779,NA,TRUE,FALSE,FALSE,FALSE,"tolerance",NA,NA,-Inf,NA,NA,10,3,0.00118118807927203,0.002,77.9418280124664,NA
"n500_d4",500,4,80,"gamlss2",TRUE,-2300.68891143,29.6655779369124,NA,NA,NA,NA,NA,NA,NA,NA,NA,NA,NA,NA,NA,NA,4.65788602828979,NA
"n500_d4",500,4,81,"gamlss.longitudinal",TRUE,-1484.90804137421,NA,TRUE,FALSE,FALSE,FALSE,"tolerance",NA,NA,-Inf,NA,NA,10,4,0.000766427191365437,0.002,97.5233891010284,NA
"n500_d4",500,4,81,"gamlss2",TRUE,-2352.88754104466,24.3676135612314,NA,NA,NA,NA,NA,NA,NA,NA,NA,NA,NA,NA,NA,NA,3.4204580783844,NA
"n500_d4",500,4,82,"gamlss.longitudinal",TRUE,-1265.70545805959,NA,TRUE,FALSE,FALSE,FALSE,"tolerance",NA,NA,-Inf,NA,NA,10,4,0.0012058032727964,0.002,91.6314311027527,NA
"n500_d4",500,4,82,"gamlss2",TRUE,-2071.74261543133,27.2876265633519,NA,NA,NA,NA,NA,NA,NA,NA,NA,NA,NA,NA,NA,NA,3.83759689331055,NA
"n500_d4",500,4,83,"gamlss.longitudinal",TRUE,-1340.53258173986,NA,TRUE,FALSE,FALSE,FALSE,"tolerance",NA,NA,-Inf,NA,NA,10,5,0.000950761649164633,0.002,96.2830278873444,NA
"n500_d4",500,4,83,"gamlss2",TRUE,-2061.95874895536,31.5521647912258,NA,NA,NA,NA,NA,NA,NA,NA,NA,NA,NA,NA,NA,NA,3.43493580818176,NA
"n500_d4",500,4,84,"gamlss.longitudinal",TRUE,-1480.80821600377,NA,TRUE,FALSE,FALSE,FALSE,"tolerance",NA,NA,-Inf,NA,NA,10,3,0.0013579869169007,0.002,79.5758450031281,NA
"n500_d4",500,4,84,"gamlss2",TRUE,-2313.29917230526,26.1757979657455,NA,NA,NA,NA,NA,NA,NA,NA,NA,NA,NA,NA,NA,NA,3.68210887908936,NA
"n500_d4",500,4,85,"gamlss.longitudinal",TRUE,-1488.22400519333,NA,TRUE,FALSE,FALSE,FALSE,"tolerance",NA,NA,-Inf,NA,NA,10,3,0.00134077869006433,0.002,79.6549940109253,NA
"n500_d4",500,4,85,"gamlss2",TRUE,-2200.84937650843,30.9894486459758,NA,NA,NA,NA,NA,NA,NA,NA,NA,NA,NA,NA,NA,NA,5.26616096496582,NA
"n500_d4",500,4,86,"gamlss.longitudinal",TRUE,-1539.44820851997,NA,TRUE,FALSE,FALSE,FALSE,"tolerance",NA,NA,-Inf,NA,NA,10,6,0.00105453470428074,0.002,107.139447927475,NA
"n500_d4",500,4,86,"gamlss2",TRUE,-2437.45769375806,23.6019982281922,NA,NA,NA,NA,NA,NA,NA,NA,NA,NA,NA,NA,NA,NA,3.76445817947388,NA
"n500_d4",500,4,87,"gamlss.longitudinal",TRUE,-1496.33849824092,NA,TRUE,FALSE,FALSE,FALSE,"tolerance",NA,NA,-Inf,NA,NA,10,4,0.000857935856174663,0.002,106.812027931213,NA
"n500_d4",500,4,87,"gamlss2",TRUE,-2328.81473366462,24.6049262848769,NA,NA,NA,NA,NA,NA,NA,NA,NA,NA,NA,NA,NA,NA,3.3663330078125,NA
"n500_d4",500,4,88,"gamlss.longitudinal",TRUE,-1545.85948566308,NA,TRUE,FALSE,FALSE,FALSE,"tolerance",NA,NA,-Inf,NA,NA,10,3,0.00170933467325085,0.002,80.0477800369263,NA
"n500_d4",500,4,88,"gamlss2",TRUE,-2378.33541711424,29.0760704026124,NA,NA,NA,NA,NA,NA,NA,NA,NA,NA,NA,NA,NA,NA,3.51010203361511,NA
"n500_d4",500,4,89,"gamlss.longitudinal",TRUE,-1550.67075902519,NA,TRUE,FALSE,FALSE,FALSE,"tolerance",NA,NA,-Inf,NA,NA,10,4,0.00135324726807085,0.002,100.724180936813,NA
"n500_d4",500,4,89,"gamlss2",TRUE,-2377.04989849217,30.4163671281442,NA,NA,NA,NA,NA,NA,NA,NA,NA,NA,NA,NA,NA,NA,3.78220891952515,NA
"n500_d4",500,4,90,"gamlss.longitudinal",TRUE,-1550.49965270737,NA,TRUE,FALSE,FALSE,FALSE,"tolerance",NA,NA,-Inf,NA,NA,10,9,0.00135454531255164,0.002,109.560267925262,NA
"n500_d4",500,4,90,"gamlss2",TRUE,-2266.82750253426,32.8145082004926,NA,NA,NA,NA,NA,NA,NA,NA,NA,NA,NA,NA,NA,NA,4.28641796112061,NA
"n500_d4",500,4,91,"gamlss.longitudinal",TRUE,-1499.09874302347,NA,TRUE,FALSE,FALSE,FALSE,"tolerance",NA,NA,-Inf,NA,NA,10,3,0.000707988488329647,0.002,120.628130912781,NA
"n500_d4",500,4,91,"gamlss2",TRUE,-2331.46502019412,29.1986597479894,NA,NA,NA,NA,NA,NA,NA,NA,NA,NA,NA,NA,NA,NA,5.54250311851501,NA
"n500_d4",500,4,92,"gamlss.longitudinal",TRUE,-1475.98519377291,NA,TRUE,FALSE,FALSE,FALSE,"tolerance",NA,NA,-Inf,NA,NA,10,3,0.000777863408984558,0.002,101.612713098526,NA
"n500_d4",500,4,92,"gamlss2",TRUE,-2306.77206899646,31.3873733392074,NA,NA,NA,NA,NA,NA,NA,NA,NA,NA,NA,NA,NA,NA,5.77249908447266,NA
"n500_d4",500,4,93,"gamlss.longitudinal",TRUE,-1518.53155962851,NA,TRUE,FALSE,FALSE,FALSE,"tolerance",NA,NA,-Inf,NA,NA,10,3,0.000992495021819195,0.002,119.314831972122,NA
"n500_d4",500,4,93,"gamlss2",TRUE,-2293.98084388543,31.9298983830931,NA,NA,NA,NA,NA,NA,NA,NA,NA,NA,NA,NA,NA,NA,4.01985812187195,NA
"n500_d4",500,4,94,"gamlss.longitudinal",TRUE,-1524.61070659545,NA,TRUE,FALSE,FALSE,FALSE,"tolerance",NA,NA,-Inf,NA,NA,10,4,0.00139040913200006,0.002,88.9144310951233,NA
"n500_d4",500,4,94,"gamlss2",TRUE,-2314.51744174795,31.604755184348,NA,NA,NA,NA,NA,NA,NA,NA,NA,NA,NA,NA,NA,NA,4.98140692710876,NA
"n500_d4",500,4,95,"gamlss.longitudinal",TRUE,-1519.62415076826,NA,TRUE,FALSE,FALSE,FALSE,"tolerance",NA,NA,-Inf,NA,NA,10,5,0.00153630254817472,0.002,104.093918800354,NA
"n500_d4",500,4,95,"gamlss2",TRUE,-2374.20403803107,32.2169193409805,NA,NA,NA,NA,NA,NA,NA,NA,NA,NA,NA,NA,NA,NA,7.83142590522766,NA
"n500_d4",500,4,96,"gamlss.longitudinal",TRUE,-1467.12123437173,NA,TRUE,FALSE,FALSE,FALSE,"tolerance",NA,NA,-Inf,NA,NA,10,3,0.000582225119842406,0.002,89.3935959339142,NA
"n500_d4",500,4,96,"gamlss2",TRUE,-2257.19757444868,30.5420290520142,NA,NA,NA,NA,NA,NA,NA,NA,NA,NA,NA,NA,NA,NA,4.23799800872803,NA
"n500_d4",500,4,97,"gamlss.longitudinal",TRUE,-1388.23253204776,NA,TRUE,FALSE,FALSE,FALSE,"tolerance",NA,NA,-Inf,NA,NA,10,4,0.00139807699770245,0.002,122.955341100693,NA
"n500_d4",500,4,97,"gamlss2",TRUE,-2174.35105024408,28.8122952314408,NA,NA,NA,NA,NA,NA,NA,NA,NA,NA,NA,NA,NA,NA,4.65337681770325,NA
"n500_d4",500,4,98,"gamlss.longitudinal",TRUE,-1452.81388284556,NA,TRUE,FALSE,FALSE,FALSE,"tolerance",NA,NA,-Inf,NA,NA,10,5,0.00110788594201949,0.002,97.5966811180115,NA
"n500_d4",500,4,98,"gamlss2",TRUE,-2221.09956050227,31.085258767493,NA,NA,NA,NA,NA,NA,NA,NA,NA,NA,NA,NA,NA,NA,6.25474190711975,NA
"n500_d4",500,4,99,"gamlss.longitudinal",TRUE,-1598.80697019843,NA,TRUE,FALSE,FALSE,FALSE,"tolerance",NA,NA,-Inf,NA,NA,10,8,0.0016802755937988,0.002,120.004114866257,NA
"n500_d4",500,4,99,"gamlss2",TRUE,-2358.88416002209,25.6026537805111,NA,NA,NA,NA,NA,NA,NA,NA,NA,NA,NA,NA,NA,NA,3.36839699745178,NA
"n500_d4",500,4,100,"gamlss.longitudinal",TRUE,-1557.86835754797,NA,TRUE,FALSE,FALSE,FALSE,"tolerance",NA,NA,-Inf,NA,NA,10,5,0.00163818037890451,0.002,102.913866996765,NA
"n500_d4",500,4,100,"gamlss2",TRUE,-2323.61892676886,30.9343202433245,NA,NA,NA,NA,NA,NA,NA,NA,NA,NA,NA,NA,NA,NA,3.48168301582336,NA
