"scenario","model","n","d","parameter","rep","bias_abs_integrated","irmse","mean_logLik","mean_df"
"n500_d4","gamlss.longitudinal",500,4,"mu",1,0.0205374700773724,0.0261867223125571,-1510.08638146783,NA
"n500_d4","gamlss.longitudinal",500,4,"sigma",25,0.0312317066430429,0.0382974231345488,-1510.08638146783,NA
"n500_d4","gamlss.longitudinal",500,4,"sigma",1,0.0614136679265953,0.0721223913134607,-1510.08638146783,NA
"n500_d4","gamlss.longitudinal",500,4,"theta",25,0.0142886462395123,0.0168524995873811,-1510.08638146783,NA
"n500_d4","gamlss.longitudinal",500,4,"theta",1,0.0337442010719708,0.0429778852996948,-1510.08638146783,NA
"n500_d4","gamlss.longitudinal",500,4,"mu",2,0.0246461037807884,0.0292550344781211,-1510.08638146783,NA
"n500_d4","gamlss.longitudinal",500,4,"sigma",26,0.0416506784822942,0.0467097759481663,-1510.08638146783,NA
"n500_d4","gamlss.longitudinal",500,4,"sigma",2,0.0175348333870537,0.0204720150750805,-1510.08638146783,NA
"n500_d4","gamlss.longitudinal",500,4,"theta",26,0.0885783215006383,0.102540070923385,-1510.08638146783,NA
"n500_d4","gamlss.longitudinal",500,4,"theta",2,0.0470117429348407,0.0532599837605302,-1510.08638146783,NA
"n500_d4","gamlss.longitudinal",500,4,"mu",3,0.0133458481957676,0.0155276299583282,-1510.08638146783,NA
"n500_d4","gamlss.longitudinal",500,4,"sigma",27,0.031897066616018,0.0383572444613456,-1510.08638146783,NA
"n500_d4","gamlss.longitudinal",500,4,"sigma",3,0.0705964265035557,0.0790647653175507,-1510.08638146783,NA
"n500_d4","gamlss.longitudinal",500,4,"theta",27,0.0492248121733617,0.0571302126273545,-1510.08638146783,NA
"n500_d4","gamlss.longitudinal",500,4,"theta",3,0.0334755821201277,0.0374927409843731,-1510.08638146783,NA
"n500_d4","gamlss.longitudinal",500,4,"mu",4,0.0320843813939436,0.0410782997920538,-1510.08638146783,NA
"n500_d4","gamlss.longitudinal",500,4,"sigma",28,0.0427345673762163,0.0490022891332182,-1510.08638146783,NA
"n500_d4","gamlss.longitudinal",500,4,"sigma",4,0.0670844767703575,0.0721731715033146,-1510.08638146783,NA
"n500_d4","gamlss.longitudinal",500,4,"theta",28,0.0169558468389794,0.019842919944356,-1510.08638146783,NA
"n500_d4","gamlss.longitudinal",500,4,"theta",4,0.0267255703184444,0.0303370834828198,-1510.08638146783,NA
"n500_d4","gamlss.longitudinal",500,4,"mu",5,0.0413594602727926,0.0473843003123879,-1510.08638146783,NA
"n500_d4","gamlss.longitudinal",500,4,"sigma",29,0.037039092955168,0.043356226734941,-1510.08638146783,NA
"n500_d4","gamlss.longitudinal",500,4,"sigma",5,0.0583829316098629,0.0722431668638245,-1510.08638146783,NA
"n500_d4","gamlss.longitudinal",500,4,"theta",29,0.0257844952517122,0.034701216362213,-1510.08638146783,NA
"n500_d4","gamlss.longitudinal",500,4,"theta",5,0.0547340247304452,0.0680582650441597,-1510.08638146783,NA
"n500_d4","gamlss.longitudinal",500,4,"mu",6,0.0176662479117636,0.0223855099602535,-1510.08638146783,NA
"n500_d4","gamlss.longitudinal",500,4,"sigma",30,0.0288850777556592,0.0356911929748518,-1510.08638146783,NA
"n500_d4","gamlss.longitudinal",500,4,"sigma",6,0.0407050037472839,0.0461513973706302,-1510.08638146783,NA
"n500_d4","gamlss.longitudinal",500,4,"theta",30,0.0200192271875119,0.0331613295518079,-1510.08638146783,NA
"n500_d4","gamlss.longitudinal",500,4,"theta",6,0.0424485450312856,0.0498804884030581,-1510.08638146783,NA
"n500_d4","gamlss.longitudinal",500,4,"mu",7,0.0227922692494157,0.0269880655267276,-1510.08638146783,NA
"n500_d4","gamlss.longitudinal",500,4,"sigma",31,0.0656564221739901,0.0726656968780746,-1510.08638146783,NA
"n500_d4","gamlss.longitudinal",500,4,"sigma",7,0.0334125724301468,0.0408585055854955,-1510.08638146783,NA
"n500_d4","gamlss.longitudinal",500,4,"theta",31,0.0849370959268382,0.103254825375354,-1510.08638146783,NA
"n500_d4","gamlss.longitudinal",500,4,"theta",7,0.0552881410148721,0.0679439076746917,-1510.08638146783,NA
"n500_d4","gamlss.longitudinal",500,4,"mu",8,0.02073742161384,0.0352357599612509,-1510.08638146783,NA
"n500_d4","gamlss.longitudinal",500,4,"sigma",32,0.0471972601958113,0.0537121588273438,-1510.08638146783,NA
"n500_d4","gamlss.longitudinal",500,4,"sigma",8,0.0523327254799617,0.0626961620654314,-1510.08638146783,NA
"n500_d4","gamlss.longitudinal",500,4,"theta",32,0.0532140214789796,0.0605018684047513,-1510.08638146783,NA
"n500_d4","gamlss.longitudinal",500,4,"theta",8,0.0252828527135263,0.0293931756392391,-1510.08638146783,NA
"n500_d4","gamlss.longitudinal",500,4,"mu",9,0.0196054986757859,0.0220544900238482,-1510.08638146783,NA
"n500_d4","gamlss.longitudinal",500,4,"sigma",33,0.0481468862832785,0.0556808409388979,-1510.08638146783,NA
"n500_d4","gamlss.longitudinal",500,4,"sigma",9,0.0310281313450279,0.0375373924022259,-1510.08638146783,NA
"n500_d4","gamlss.longitudinal",500,4,"theta",33,0.0374516795881938,0.0451113725422388,-1510.08638146783,NA
"n500_d4","gamlss.longitudinal",500,4,"theta",9,0.0339847501920458,0.0420394952245559,-1510.08638146783,NA
"n500_d4","gamlss.longitudinal",500,4,"mu",10,0.0243470250993584,0.0329671330528082,-1510.08638146783,NA
"n500_d4","gamlss.longitudinal",500,4,"sigma",34,0.0401020167980991,0.0526077495386573,-1510.08638146783,NA
"n500_d4","gamlss.longitudinal",500,4,"sigma",10,0.0393555750074076,0.0462367111641725,-1510.08638146783,NA
"n500_d4","gamlss.longitudinal",500,4,"theta",34,0.0517206237076353,0.0726219630941166,-1510.08638146783,NA
"n500_d4","gamlss.longitudinal",500,4,"theta",10,0.0423875383933658,0.0467737822114864,-1510.08638146783,NA
"n500_d4","gamlss.longitudinal",500,4,"mu",11,0.024140772415385,0.0315068717319487,-1510.08638146783,NA
"n500_d4","gamlss.longitudinal",500,4,"sigma",35,0.0484696905621752,0.0568473067775704,-1510.08638146783,NA
"n500_d4","gamlss.longitudinal",500,4,"sigma",11,0.0742626783114606,0.0869909705481257,-1510.08638146783,NA
"n500_d4","gamlss.longitudinal",500,4,"theta",35,0.0274227925409712,0.0318109813056447,-1510.08638146783,NA
"n500_d4","gamlss.longitudinal",500,4,"theta",11,0.0465368055774967,0.0541257893968318,-1510.08638146783,NA
"n500_d4","gamlss.longitudinal",500,4,"mu",12,0.0163790876623755,0.0209841215838965,-1510.08638146783,NA
"n500_d4","gamlss.longitudinal",500,4,"sigma",36,0.0339265007436182,0.0466279672971071,-1510.08638146783,NA
"n500_d4","gamlss.longitudinal",500,4,"sigma",12,0.0561497153352334,0.0657835459506806,-1510.08638146783,NA
"n500_d4","gamlss.longitudinal",500,4,"theta",36,0.0407410710105294,0.0489068150718495,-1510.08638146783,NA
"n500_d4","gamlss.longitudinal",500,4,"theta",12,0.061090770847484,0.0667357248818171,-1510.08638146783,NA
"n500_d4","gamlss.longitudinal",500,4,"mu",13,0.0173869153652458,0.0232985840707392,-1510.08638146783,NA
"n500_d4","gamlss.longitudinal",500,4,"sigma",37,0.0357593659541642,0.0446499128567194,-1510.08638146783,NA
"n500_d4","gamlss.longitudinal",500,4,"sigma",13,0.073248439380392,0.098926693304159,-1510.08638146783,NA
"n500_d4","gamlss.longitudinal",500,4,"theta",37,0.0302732038993532,0.0358947863177861,-1510.08638146783,NA
"n500_d4","gamlss.longitudinal",500,4,"theta",13,0.0737603113679219,0.0886804954283534,-1510.08638146783,NA
"n500_d4","gamlss.longitudinal",500,4,"mu",14,0.0268669154631069,0.035397492984016,-1510.08638146783,NA
"n500_d4","gamlss.longitudinal",500,4,"sigma",38,0.0428546743724336,0.0483026820410905,-1510.08638146783,NA
"n500_d4","gamlss.longitudinal",500,4,"sigma",14,0.0387283334442489,0.0439154180521612,-1510.08638146783,NA
"n500_d4","gamlss.longitudinal",500,4,"theta",38,0.0134642994359427,0.0158551241413275,-1510.08638146783,NA
"n500_d4","gamlss.longitudinal",500,4,"theta",14,0.0347360827219938,0.0408671162324788,-1510.08638146783,NA
"n500_d4","gamlss.longitudinal",500,4,"mu",15,0.02883783157241,0.040693955728511,-1510.08638146783,NA
"n500_d4","gamlss.longitudinal",500,4,"sigma",39,0.056842451399707,0.06615599221093,-1510.08638146783,NA
"n500_d4","gamlss.longitudinal",500,4,"sigma",15,0.0396030012183025,0.047255573261537,-1510.08638146783,NA
"n500_d4","gamlss.longitudinal",500,4,"theta",39,0.042236737211339,0.0463728682015464,-1510.08638146783,NA
"n500_d4","gamlss.longitudinal",500,4,"theta",15,0.0345842899633881,0.0405180917574093,-1510.08638146783,NA
"n500_d4","gamlss.longitudinal",500,4,"mu",16,0.0277956463355684,0.0383748177256312,-1510.08638146783,NA
"n500_d4","gamlss.longitudinal",500,4,"sigma",40,0.0665696382660902,0.0759644378208924,-1510.08638146783,NA
"n500_d4","gamlss.longitudinal",500,4,"sigma",16,0.0421579695027896,0.0482844889840553,-1510.08638146783,NA
"n500_d4","gamlss.longitudinal",500,4,"theta",40,0.126995492918296,0.1485286795397,-1510.08638146783,NA
"n500_d4","gamlss.longitudinal",500,4,"theta",16,0.0442101739357665,0.0592500497710026,-1510.08638146783,NA
"n500_d4","gamlss.longitudinal",500,4,"mu",17,0.0227687970861082,0.0335794587239555,-1510.08638146783,NA
"n500_d4","gamlss.longitudinal",500,4,"sigma",41,0.0476619662866468,0.0547141471506194,-1510.08638146783,NA
"n500_d4","gamlss.longitudinal",500,4,"sigma",17,0.0561412735984693,0.0767544560075039,-1510.08638146783,NA
"n500_d4","gamlss.longitudinal",500,4,"theta",41,0.0352944920752323,0.0431473793384708,-1510.08638146783,NA
"n500_d4","gamlss.longitudinal",500,4,"theta",17,0.0548176896379226,0.0697919482192299,-1510.08638146783,NA
"n500_d4","gamlss.longitudinal",500,4,"mu",18,0.0284504050855513,0.0346642924999087,-1510.08638146783,NA
"n500_d4","gamlss.longitudinal",500,4,"sigma",42,0.0478559930006313,0.0540998870660802,-1510.08638146783,NA
"n500_d4","gamlss.longitudinal",500,4,"sigma",18,0.0242153717928748,0.0306018305874096,-1510.08638146783,NA
"n500_d4","gamlss.longitudinal",500,4,"theta",42,0.0322913300836345,0.0380167360325405,-1510.08638146783,NA
"n500_d4","gamlss.longitudinal",500,4,"theta",18,0.042681940805058,0.0469591013825658,-1510.08638146783,NA
"n500_d4","gamlss.longitudinal",500,4,"mu",19,0.0207173383005892,0.0253528492337025,-1510.08638146783,NA
"n500_d4","gamlss.longitudinal",500,4,"sigma",43,0.0536702951582094,0.0663432708060799,-1510.08638146783,NA
"n500_d4","gamlss.longitudinal",500,4,"sigma",19,0.0659247207574169,0.0773206892865699,-1510.08638146783,NA
"n500_d4","gamlss.longitudinal",500,4,"theta",43,0.0371718621978366,0.0461668556819374,-1510.08638146783,NA
"n500_d4","gamlss.longitudinal",500,4,"theta",19,0.0527617718034161,0.062198433318829,-1510.08638146783,NA
"n500_d4","gamlss.longitudinal",500,4,"mu",20,0.0254894701113565,0.0386702353905373,-1510.08638146783,NA
"n500_d4","gamlss.longitudinal",500,4,"sigma",44,0.0402447167694053,0.049245387713008,-1510.08638146783,NA
"n500_d4","gamlss.longitudinal",500,4,"sigma",20,0.0392777814043312,0.0445717958307639,-1510.08638146783,NA
"n500_d4","gamlss.longitudinal",500,4,"theta",44,0.0418422647532096,0.0497707158375776,-1510.08638146783,NA
"n500_d4","gamlss.longitudinal",500,4,"theta",20,0.0486069019701869,0.0572149466966258,-1510.08638146783,NA
"n500_d4","gamlss.longitudinal",500,4,"mu",21,0.0325782496740867,0.0403860316963077,-1510.08638146783,NA
"n500_d4","gamlss.longitudinal",500,4,"sigma",45,0.0377256241914456,0.0408169573188345,-1510.08638146783,NA
"n500_d4","gamlss.longitudinal",500,4,"sigma",21,0.0294936590642938,0.038288448903484,-1510.08638146783,NA
"n500_d4","gamlss.longitudinal",500,4,"theta",45,0.0440347013084058,0.0513810754974165,-1510.08638146783,NA
"n500_d4","gamlss.longitudinal",500,4,"theta",21,0.0271977696950933,0.0312425173362088,-1510.08638146783,NA
"n500_d4","gamlss.longitudinal",500,4,"mu",22,0.0251622459990472,0.0279583533905833,-1510.08638146783,NA
"n500_d4","gamlss.longitudinal",500,4,"sigma",46,0.0702961503076714,0.0851265197259164,-1510.08638146783,NA
"n500_d4","gamlss.longitudinal",500,4,"sigma",22,0.065040649281847,0.0767507955844033,-1510.08638146783,NA
"n500_d4","gamlss.longitudinal",500,4,"theta",46,0.0507853026633666,0.0633566239060857,-1510.08638146783,NA
"n500_d4","gamlss.longitudinal",500,4,"theta",22,0.0245733210655412,0.033212692245571,-1510.08638146783,NA
"n500_d4","gamlss.longitudinal",500,4,"mu",23,0.027599828461348,0.0403852994972154,-1510.08638146783,NA
"n500_d4","gamlss.longitudinal",500,4,"sigma",47,0.0435691431208017,0.0517779007356797,-1510.08638146783,NA
"n500_d4","gamlss.longitudinal",500,4,"sigma",23,0.0295932917223385,0.037776904213226,-1510.08638146783,NA
"n500_d4","gamlss.longitudinal",500,4,"theta",47,0.0298541356289855,0.040737852808193,-1510.08638146783,NA
"n500_d4","gamlss.longitudinal",500,4,"theta",23,0.0226549632419967,0.0258236754928191,-1510.08638146783,NA
"n500_d4","gamlss.longitudinal",500,4,"mu",24,0.0178018131493144,0.0212236026186231,-1510.08638146783,NA
"n500_d4","gamlss.longitudinal",500,4,"sigma",48,0.057115821810209,0.0687131271419495,-1510.08638146783,NA
"n500_d4","gamlss.longitudinal",500,4,"sigma",24,0.0302562814929495,0.0374518079388174,-1510.08638146783,NA
"n500_d4","gamlss.longitudinal",500,4,"theta",48,0.0681210657135945,0.0767013402940778,-1510.08638146783,NA
"n500_d4","gamlss.longitudinal",500,4,"theta",24,0.0196428381940289,0.0242328877422444,-1510.08638146783,NA
"n500_d4","gamlss.longitudinal",500,4,"mu",25,0.0321274483320916,0.042454481940763,-1510.08638146783,NA
"n500_d4","gamlss.longitudinal",500,4,"sigma",49,0.0525580434627645,0.0590110287408215,-1510.08638146783,NA
"n500_d4","gamlss.longitudinal",500,4,"theta",73,0.121258308886612,0.15418261284701,-1510.08638146783,NA
"n500_d4","gamlss.longitudinal",500,4,"theta",49,0.0534304550474173,0.0602263860651241,-1510.08638146783,NA
"n500_d4","gamlss.longitudinal",500,4,"mu",50,0.0127458425247544,0.0167899699110233,-1510.08638146783,NA
"n500_d4","gamlss.longitudinal",500,4,"mu",26,0.0297161678667042,0.0362311541639806,-1510.08638146783,NA
"n500_d4","gamlss.longitudinal",500,4,"sigma",50,0.0533504485606062,0.0632264708593639,-1510.08638146783,NA
"n500_d4","gamlss.longitudinal",500,4,"theta",74,0.0417189201886255,0.0492712403708449,-1510.08638146783,NA
"n500_d4","gamlss.longitudinal",500,4,"theta",50,0.0545659765650779,0.0650954838602927,-1510.08638146783,NA
"n500_d4","gamlss.longitudinal",500,4,"mu",51,0.0290667462015887,0.03557985833522,-1510.08638146783,NA
"n500_d4","gamlss.longitudinal",500,4,"mu",27,0.0196931709276141,0.0251106105639616,-1510.08638146783,NA
"n500_d4","gamlss.longitudinal",500,4,"sigma",51,0.0722995750801845,0.0807550347863676,-1510.08638146783,NA
"n500_d4","gamlss.longitudinal",500,4,"theta",75,0.0566277212356772,0.067241860511554,-1510.08638146783,NA
"n500_d4","gamlss.longitudinal",500,4,"theta",51,0.0651734472152791,0.0756327088747098,-1510.08638146783,NA
"n500_d4","gamlss.longitudinal",500,4,"mu",52,0.0186454271547128,0.0266375745869208,-1510.08638146783,NA
"n500_d4","gamlss.longitudinal",500,4,"mu",28,0.0359287798135376,0.038974497560398,-1510.08638146783,NA
"n500_d4","gamlss.longitudinal",500,4,"sigma",52,0.0468004108028865,0.054805289509573,-1510.08638146783,NA
"n500_d4","gamlss.longitudinal",500,4,"theta",76,0.0252082610172993,0.0331254055952072,-1510.08638146783,NA
"n500_d4","gamlss.longitudinal",500,4,"theta",52,0.0595398362110615,0.0689646707215154,-1510.08638146783,NA
"n500_d4","gamlss.longitudinal",500,4,"mu",53,0.0360968012739315,0.0453621448200856,-1510.08638146783,NA
"n500_d4","gamlss.longitudinal",500,4,"mu",29,0.0191217874699674,0.0263489430771193,-1510.08638146783,NA
"n500_d4","gamlss.longitudinal",500,4,"sigma",53,0.0619724381420143,0.0729264153086208,-1510.08638146783,NA
"n500_d4","gamlss.longitudinal",500,4,"theta",77,0.0429539028362694,0.048598276610596,-1510.08638146783,NA
"n500_d4","gamlss.longitudinal",500,4,"theta",53,0.0529224073062003,0.0568969199447065,-1510.08638146783,NA
"n500_d4","gamlss.longitudinal",500,4,"mu",54,0.0342308816254074,0.040880000058216,-1510.08638146783,NA
"n500_d4","gamlss.longitudinal",500,4,"mu",30,0.0420203143367071,0.047836087278477,-1510.08638146783,NA
"n500_d4","gamlss.longitudinal",500,4,"sigma",54,0.040041928177046,0.0503004537564769,-1510.08638146783,NA
"n500_d4","gamlss.longitudinal",500,4,"theta",78,0.0230106842599253,0.027619426492191,-1510.08638146783,NA
"n500_d4","gamlss.longitudinal",500,4,"theta",54,0.036343842817854,0.0508172147891571,-1510.08638146783,NA
"n500_d4","gamlss.longitudinal",500,4,"mu",55,0.0165536448862413,0.0212002927442568,-1510.08638146783,NA
"n500_d4","gamlss.longitudinal",500,4,"mu",31,0.0145119944756827,0.0241332880007449,-1510.08638146783,NA
"n500_d4","gamlss.longitudinal",500,4,"sigma",55,0.0640068812047081,0.0717837249481797,-1510.08638146783,NA
"n500_d4","gamlss.longitudinal",500,4,"theta",79,0.0424734513427337,0.0490969493733918,-1510.08638146783,NA
"n500_d4","gamlss.longitudinal",500,4,"theta",55,0.0845172965177243,0.100103234229161,-1510.08638146783,NA
"n500_d4","gamlss.longitudinal",500,4,"mu",56,0.0157956818889881,0.0230091537913231,-1510.08638146783,NA
"n500_d4","gamlss.longitudinal",500,4,"mu",32,0.0184273700674108,0.0302858667332716,-1510.08638146783,NA
"n500_d4","gamlss.longitudinal",500,4,"sigma",56,0.0547034044209412,0.0632697776141806,-1510.08638146783,NA
"n500_d4","gamlss.longitudinal",500,4,"theta",80,0.0326378536315969,0.0439228763065306,-1510.08638146783,NA
"n500_d4","gamlss.longitudinal",500,4,"theta",56,0.0863609074202766,0.095865924667427,-1510.08638146783,NA
"n500_d4","gamlss.longitudinal",500,4,"mu",57,0.0377251477210638,0.0483517517556969,-1510.08638146783,NA
"n500_d4","gamlss.longitudinal",500,4,"mu",33,0.0210962118901231,0.0247135817323584,-1510.08638146783,NA
"n500_d4","gamlss.longitudinal",500,4,"sigma",57,0.0475416092574655,0.0514763266798879,-1510.08638146783,NA
"n500_d4","gamlss.longitudinal",500,4,"theta",81,0.0471720224875269,0.0643035965566036,-1510.08638146783,NA
"n500_d4","gamlss.longitudinal",500,4,"theta",57,0.0209917350538831,0.0271989422117606,-1510.08638146783,NA
"n500_d4","gamlss.longitudinal",500,4,"mu",58,0.0268179321924398,0.0355426966599659,-1510.08638146783,NA
"n500_d4","gamlss.longitudinal",500,4,"mu",34,0.0344904018787888,0.0426609720842934,-1510.08638146783,NA
"n500_d4","gamlss.longitudinal",500,4,"sigma",58,0.0295684590086709,0.0347113906184407,-1510.08638146783,NA
"n500_d4","gamlss.longitudinal",500,4,"theta",82,0.0463132197787653,0.0533223614805346,-1510.08638146783,NA
"n500_d4","gamlss.longitudinal",500,4,"theta",58,0.0255526272698867,0.0308586746490405,-1510.08638146783,NA
"n500_d4","gamlss.longitudinal",500,4,"mu",59,0.0120600625859163,0.0145676877239039,-1510.08638146783,NA
"n500_d4","gamlss.longitudinal",500,4,"mu",35,0.0186974297354849,0.0229552661382643,-1510.08638146783,NA
"n500_d4","gamlss.longitudinal",500,4,"sigma",59,0.0419981521037548,0.0510377358274268,-1510.08638146783,NA
"n500_d4","gamlss.longitudinal",500,4,"theta",83,0.0621541745527975,0.0693690508366962,-1510.08638146783,NA
"n500_d4","gamlss.longitudinal",500,4,"theta",59,0.00754785267934542,0.0125866748615262,-1510.08638146783,NA
"n500_d4","gamlss.longitudinal",500,4,"mu",60,0.0113199229436991,0.0149764328650057,-1510.08638146783,NA
"n500_d4","gamlss.longitudinal",500,4,"mu",36,0.0218208656621241,0.0290921404587021,-1510.08638146783,NA
"n500_d4","gamlss.longitudinal",500,4,"sigma",60,0.0395565882456029,0.0453564106294326,-1510.08638146783,NA
"n500_d4","gamlss.longitudinal",500,4,"theta",84,0.0174918720180163,0.0225357505512078,-1510.08638146783,NA
"n500_d4","gamlss.longitudinal",500,4,"theta",60,0.0177818681010447,0.025669390403964,-1510.08638146783,NA
"n500_d4","gamlss.longitudinal",500,4,"mu",61,0.0235219463985987,0.0284213496149466,-1510.08638146783,NA
"n500_d4","gamlss.longitudinal",500,4,"mu",37,0.0156077079119733,0.0206353885919074,-1510.08638146783,NA
"n500_d4","gamlss.longitudinal",500,4,"sigma",61,0.0386187042805299,0.0447253613034437,-1510.08638146783,NA
"n500_d4","gamlss.longitudinal",500,4,"theta",85,0.0478304107426321,0.0513071150388095,-1510.08638146783,NA
"n500_d4","gamlss.longitudinal",500,4,"theta",61,0.0453267207250921,0.0531758157051724,-1510.08638146783,NA
"n500_d4","gamlss.longitudinal",500,4,"mu",62,0.0252682127397885,0.0322010004237823,-1510.08638146783,NA
"n500_d4","gamlss.longitudinal",500,4,"mu",38,0.0241057764284559,0.027946614846858,-1510.08638146783,NA
"n500_d4","gamlss.longitudinal",500,4,"sigma",62,0.0440486950195604,0.0528276373176096,-1510.08638146783,NA
"n500_d4","gamlss.longitudinal",500,4,"theta",86,0.0195219769286327,0.0282474090211416,-1510.08638146783,NA
"n500_d4","gamlss.longitudinal",500,4,"theta",62,0.0244990499287587,0.0282340094147296,-1510.08638146783,NA
"n500_d4","gamlss.longitudinal",500,4,"mu",63,0.0246505277376586,0.030941870353589,-1510.08638146783,NA
"n500_d4","gamlss.longitudinal",500,4,"mu",39,0.024084555458074,0.0300082745744727,-1510.08638146783,NA
"n500_d4","gamlss.longitudinal",500,4,"sigma",63,0.0416196102690534,0.0467371199268065,-1510.08638146783,NA
"n500_d4","gamlss.longitudinal",500,4,"theta",87,0.0223794754953831,0.0251658427752353,-1510.08638146783,NA
"n500_d4","gamlss.longitudinal",500,4,"theta",63,0.0218785514293304,0.0258404888278892,-1510.08638146783,NA
"n500_d4","gamlss.longitudinal",500,4,"mu",64,0.0217233281097257,0.0286860725397943,-1510.08638146783,NA
"n500_d4","gamlss.longitudinal",500,4,"mu",40,0.0277586180957578,0.0323450704958393,-1510.08638146783,NA
"n500_d4","gamlss.longitudinal",500,4,"sigma",64,0.0878259328788441,0.0968630772619605,-1510.08638146783,NA
"n500_d4","gamlss.longitudinal",500,4,"theta",88,0.0213585254963558,0.0252964814277214,-1510.08638146783,NA
"n500_d4","gamlss.longitudinal",500,4,"theta",64,0.0576274008018636,0.0703126091113776,-1510.08638146783,NA
"n500_d4","gamlss.longitudinal",500,4,"mu",65,0.0305621587999057,0.048479881402373,-1510.08638146783,NA
"n500_d4","gamlss.longitudinal",500,4,"mu",41,0.0322057278423123,0.040910571394071,-1510.08638146783,NA
"n500_d4","gamlss.longitudinal",500,4,"sigma",65,0.0441083564882889,0.0515705861282479,-1510.08638146783,NA
"n500_d4","gamlss.longitudinal",500,4,"theta",89,0.0482268843757975,0.0659381486698358,-1510.08638146783,NA
"n500_d4","gamlss.longitudinal",500,4,"theta",65,0.0195752719127145,0.0268709384942994,-1510.08638146783,NA
"n500_d4","gamlss.longitudinal",500,4,"mu",66,0.0344491938862295,0.0489530948451829,-1510.08638146783,NA
"n500_d4","gamlss.longitudinal",500,4,"mu",42,0.0163796217547002,0.0256358008717847,-1510.08638146783,NA
"n500_d4","gamlss.longitudinal",500,4,"sigma",66,0.0349743177335023,0.0422588660456519,-1510.08638146783,NA
"n500_d4","gamlss.longitudinal",500,4,"theta",90,0.0526150616729394,0.0658353310476052,-1510.08638146783,NA
"n500_d4","gamlss.longitudinal",500,4,"theta",66,0.0306529751747576,0.0349544058017852,-1510.08638146783,NA
"n500_d4","gamlss.longitudinal",500,4,"mu",67,0.0318880503181647,0.0377131153326348,-1510.08638146783,NA
"n500_d4","gamlss.longitudinal",500,4,"mu",43,0.0204874910891989,0.0256329611875795,-1510.08638146783,NA
"n500_d4","gamlss.longitudinal",500,4,"sigma",67,0.0640044729478531,0.0785194208645928,-1510.08638146783,NA
"n500_d4","gamlss.longitudinal",500,4,"theta",91,0.0565780407371166,0.0694904553223638,-1510.08638146783,NA
"n500_d4","gamlss.longitudinal",500,4,"theta",67,0.0656820418418542,0.0884040904056059,-1510.08638146783,NA
"n500_d4","gamlss.longitudinal",500,4,"mu",68,0.024500738356562,0.0331137367651004,-1510.08638146783,NA
"n500_d4","gamlss.longitudinal",500,4,"mu",44,0.0330983132722575,0.0531995940837335,-1510.08638146783,NA
"n500_d4","gamlss.longitudinal",500,4,"sigma",68,0.0535587632018219,0.0603703515050385,-1510.08638146783,NA
"n500_d4","gamlss.longitudinal",500,4,"theta",92,0.0352442647594621,0.0417870360767658,-1510.08638146783,NA
"n500_d4","gamlss.longitudinal",500,4,"theta",68,0.0226046128105711,0.0264724750512026,-1510.08638146783,NA
"n500_d4","gamlss.longitudinal",500,4,"mu",69,0.0275773718641939,0.0324952100619355,-1510.08638146783,NA
"n500_d4","gamlss.longitudinal",500,4,"mu",45,0.0274287592045622,0.0328682608178361,-1510.08638146783,NA
"n500_d4","gamlss.longitudinal",500,4,"sigma",69,0.04239551481386,0.0480863112707598,-1510.08638146783,NA
"n500_d4","gamlss.longitudinal",500,4,"theta",93,0.0233329450076451,0.0267260023797603,-1510.08638146783,NA
"n500_d4","gamlss.longitudinal",500,4,"theta",69,0.0319264312955599,0.0360949966815048,-1510.08638146783,NA
"n500_d4","gamlss.longitudinal",500,4,"mu",70,0.0208701383655264,0.0240040601891039,-1510.08638146783,NA
"n500_d4","gamlss.longitudinal",500,4,"mu",46,0.0398434943796463,0.0573239315528903,-1510.08638146783,NA
"n500_d4","gamlss.longitudinal",500,4,"sigma",70,0.0413604589010979,0.0465467546680298,-1510.08638146783,NA
"n500_d4","gamlss.longitudinal",500,4,"theta",94,0.0282601508334948,0.0350250044027355,-1510.08638146783,NA
"n500_d4","gamlss.longitudinal",500,4,"theta",70,0.0137262726831021,0.01869461815776,-1510.08638146783,NA
"n500_d4","gamlss.longitudinal",500,4,"mu",71,0.032177582046873,0.0409415893288171,-1510.08638146783,NA
"n500_d4","gamlss.longitudinal",500,4,"mu",47,0.0274891870454457,0.043299673247897,-1510.08638146783,NA
"n500_d4","gamlss.longitudinal",500,4,"sigma",71,0.0459268535718638,0.0523557821924946,-1510.08638146783,NA
"n500_d4","gamlss.longitudinal",500,4,"theta",95,0.0236017416946603,0.0317672129635531,-1510.08638146783,NA
"n500_d4","gamlss.longitudinal",500,4,"theta",71,0.040496047820618,0.0537605424088217,-1510.08638146783,NA
"n500_d4","gamlss.longitudinal",500,4,"mu",72,0.0379709907307782,0.0472582698536814,-1510.08638146783,NA
"n500_d4","gamlss.longitudinal",500,4,"mu",48,0.0177661374019905,0.0308108524701167,-1510.08638146783,NA
"n500_d4","gamlss.longitudinal",500,4,"sigma",72,0.0555262945753132,0.0634054268456077,-1510.08638146783,NA
"n500_d4","gamlss.longitudinal",500,4,"theta",96,0.0448829755356646,0.0546480015755245,-1510.08638146783,NA
"n500_d4","gamlss.longitudinal",500,4,"theta",72,0.068008470435485,0.0748236490823823,-1510.08638146783,NA
"n500_d4","gamlss.longitudinal",500,4,"mu",73,0.0379456198545178,0.056488197407307,-1510.08638146783,NA
"n500_d4","gamlss.longitudinal",500,4,"mu",49,0.0436818759513774,0.0509465165961292,-1510.08638146783,NA
"n500_d4","gamlss.longitudinal",500,4,"sigma",73,0.0653694243589929,0.0779098488452751,-1510.08638146783,NA
"n500_d4","gamlss.longitudinal",500,4,"theta",97,0.0272552915838325,0.0408376846727525,-1510.08638146783,NA
"n500_d4","gamlss.longitudinal",500,4,"mu",98,0.0234973889410966,0.0272768155123227,-1510.08638146783,NA
"n500_d4","gamlss.longitudinal",500,4,"mu",74,0.0213831881408652,0.0275222790419977,-1510.08638146783,NA
"n500_d4","gamlss.longitudinal",500,4,"sigma",98,0.0284960288445156,0.031259078394787,-1510.08638146783,NA
"n500_d4","gamlss.longitudinal",500,4,"sigma",74,0.0664586619752342,0.0755055702261513,-1510.08638146783,NA
"n500_d4","gamlss.longitudinal",500,4,"theta",98,0.0324959759369002,0.0394016497807355,-1510.08638146783,NA
"n500_d4","gamlss.longitudinal",500,4,"mu",99,0.0253769665636001,0.0340783596956975,-1510.08638146783,NA
"n500_d4","gamlss.longitudinal",500,4,"mu",75,0.0293871634814506,0.0369568919958737,-1510.08638146783,NA
"n500_d4","gamlss.longitudinal",500,4,"sigma",99,0.0589354360339897,0.066162604866551,-1510.08638146783,NA
"n500_d4","gamlss.longitudinal",500,4,"sigma",75,0.0577289741968395,0.0648459266729214,-1510.08638146783,NA
"n500_d4","gamlss.longitudinal",500,4,"theta",99,0.0288253729496983,0.0331171815980446,-1510.08638146783,NA
"n500_d4","gamlss.longitudinal",500,4,"mu",100,0.0321246799352298,0.0463268788785974,-1510.08638146783,NA
"n500_d4","gamlss.longitudinal",500,4,"mu",76,0.0143662390680713,0.0221880877288791,-1510.08638146783,NA
"n500_d4","gamlss.longitudinal",500,4,"sigma",100,0.0455831091465006,0.051090939152906,-1510.08638146783,NA
"n500_d4","gamlss.longitudinal",500,4,"sigma",76,0.0503937451565356,0.0691859895694631,-1510.08638146783,NA
"n500_d4","gamlss.longitudinal",500,4,"theta",100,0.0158180279086519,0.0180077145848595,-1510.08638146783,NA
"n500_d4","gamlss.longitudinal",500,4,"sigma",79,0.031307442565177,0.0394114627069084,-1510.08638146783,NA
"n500_d4","gamlss.longitudinal",500,4,"mu",77,0.0323271786918398,0.0393481848423413,-1510.08638146783,NA
"n500_d4","gamlss.longitudinal",500,4,"sigma",82,0.0619065018533896,0.0719103285418622,-1510.08638146783,NA
"n500_d4","gamlss.longitudinal",500,4,"sigma",77,0.0426834290094708,0.0510215583667111,-1510.08638146783,NA
"n500_d4","gamlss.longitudinal",500,4,"sigma",85,0.0501540608688977,0.0582297222764555,-1510.08638146783,NA
"n500_d4","gamlss.longitudinal",500,4,"sigma",80,0.0604953462320021,0.0754223976662078,-1510.08638146783,NA
"n500_d4","gamlss.longitudinal",500,4,"mu",78,0.0361183686974297,0.0490772690861955,-1510.08638146783,NA
"n500_d4","gamlss.longitudinal",500,4,"sigma",83,0.0780704196236595,0.0917254822518573,-1510.08638146783,NA
"n500_d4","gamlss.longitudinal",500,4,"sigma",78,0.0438021764074811,0.0548716673357071,-1510.08638146783,NA
"n500_d4","gamlss.longitudinal",500,4,"sigma",86,0.038064448613368,0.0431653948104614,-1510.08638146783,NA
"n500_d4","gamlss.longitudinal",500,4,"sigma",81,0.0459011528068459,0.0527093397391873,-1510.08638146783,NA
"n500_d4","gamlss.longitudinal",500,4,"mu",79,0.0267795189528758,0.0320715053380349,-1510.08638146783,NA
"n500_d4","gamlss.longitudinal",500,4,"sigma",84,0.061266262884248,0.0684764328135421,-1510.08638146783,NA
"n500_d4","gamlss.longitudinal",500,4,"mu",82,0.0305843492595772,0.0427408749983892,-1510.08638146783,NA
"n500_d4","gamlss.longitudinal",500,4,"sigma",87,0.0467635095731979,0.0533793466198557,-1510.08638146783,NA
"n500_d4","gamlss.longitudinal",500,4,"mu",85,0.0227125626621583,0.0295915872897471,-1510.08638146783,NA
"n500_d4","gamlss.longitudinal",500,4,"mu",80,0.0288822510616557,0.0353384513574989,-1510.08638146783,NA
"n500_d4","gamlss.longitudinal",500,4,"mu",88,0.0295720836564939,0.0371496017424151,-1510.08638146783,NA
"n500_d4","gamlss.longitudinal",500,4,"mu",83,0.0299760804260587,0.0378686782421198,-1510.08638146783,NA
"n500_d4","gamlss.longitudinal",500,4,"sigma",88,0.0478779862723206,0.0548554444615222,-1510.08638146783,NA
"n500_d4","gamlss.longitudinal",500,4,"mu",86,0.0327369486097715,0.0470687396991691,-1510.08638146783,NA
"n500_d4","gamlss.longitudinal",500,4,"mu",81,0.0165665916896503,0.0202909889000322,-1510.08638146783,NA
"n500_d4","gamlss.longitudinal",500,4,"mu",89,0.0132868388764552,0.0168155777789496,-1510.08638146783,NA
"n500_d4","gamlss.longitudinal",500,4,"mu",84,0.0298567496740887,0.04248635969649,-1510.08638146783,NA
"n500_d4","gamlss.longitudinal",500,4,"sigma",89,0.0517871410486239,0.0575369435384772,-1510.08638146783,NA
"n500_d4","gamlss.longitudinal",500,4,"mu",87,0.0322450344954294,0.0378049778070385,-1510.08638146783,NA
"n500_d4","gamlss.longitudinal",500,4,"sigma",92,0.0414495836682816,0.0471898501137414,-1510.08638146783,NA
"n500_d4","gamlss.longitudinal",500,4,"mu",90,0.0196558545033927,0.022042403028977,-1510.08638146783,NA
"n500_d4","gamlss.longitudinal",500,4,"sigma",95,0.0468911380209353,0.0598698392918372,-1510.08638146783,NA
"n500_d4","gamlss.longitudinal",500,4,"sigma",90,0.0384842140638036,0.043204074126029,-1510.08638146783,NA
"n500_d4","gamlss.longitudinal",500,4,"sigma",91,0.0573693101935297,0.0667390784908901,-1510.08638146783,NA
"n500_d4","gamlss.longitudinal",500,4,"sigma",93,0.0309180741676155,0.0413922698639274,-1510.08638146783,NA
"n500_d4","gamlss.longitudinal",500,4,"mu",91,0.0183511736978051,0.0224174883883351,-1510.08638146783,NA
"n500_d4","gamlss.longitudinal",500,4,"sigma",96,0.0543527672941743,0.0616401295265142,-1510.08638146783,NA
"n500_d4","gamlss.longitudinal",500,4,"sigma",97,0.0535782648727086,0.0656708303807609,-1510.08638146783,NA
"n500_d4","gamlss.longitudinal",500,4,"mu",95,0.0215594031461868,0.0275030563092409,-1510.08638146783,NA
"n500_d4","gamlss.longitudinal",500,4,"sigma",94,0.048027912521344,0.0625096035193229,-1510.08638146783,NA
"n500_d4","gamlss.longitudinal",500,4,"mu",92,0.0220174897312001,0.0269335202684618,-1510.08638146783,NA
"n500_d4","gamlss.longitudinal",500,4,"mu",93,0.0243448079810967,0.0304973070649286,-1510.08638146783,NA
"n500_d4","gamlss.longitudinal",500,4,"mu",94,0.021477481899601,0.034898306979787,-1510.08638146783,NA
"n500_d4","gamlss.longitudinal",500,4,"mu",96,0.0297633451489013,0.0381874527382379,-1510.08638146783,NA
"n500_d4","gamlss.longitudinal",500,4,"mu",97,0.0159888997059837,0.0251597000265062,-1510.08638146783,NA
"n500_d4","gamlss2",500,4,"mu",29,0.0183553796915973,0.0219429914600426,-2295.71301571873,29.3501924229084
"n500_d4","gamlss2",500,4,"mu",30,0.0381017505993742,0.0424194249417867,-2295.71301571873,29.3501924229084
"n500_d4","gamlss2",500,4,"mu",31,0.017414658657616,0.0244226830652154,-2295.71301571873,29.3501924229084
"n500_d4","gamlss2",500,4,"sigma",4,0.0792088574807475,0.0932656306162674,-2295.71301571873,29.3501924229084
"n500_d4","gamlss2",500,4,"sigma",5,0.0684813130370928,0.0970788093012161,-2295.71301571873,29.3501924229084
"n500_d4","gamlss2",500,4,"sigma",7,0.0606473902844731,0.072143037622071,-2295.71301571873,29.3501924229084
"n500_d4","gamlss2",500,4,"sigma",8,0.0482282118868192,0.0632289325115708,-2295.71301571873,29.3501924229084
"n500_d4","gamlss2",500,4,"mu",32,0.0234048941521878,0.0302753580769792,-2295.71301571873,29.3501924229084
"n500_d4","gamlss2",500,4,"mu",33,0.0173282885237751,0.0193054514959205,-2295.71301571873,29.3501924229084
"n500_d4","gamlss2",500,4,"sigma",6,0.0407956118972799,0.0542086358804387,-2295.71301571873,29.3501924229084
"n500_d4","gamlss2",500,4,"mu",4,0.0382798335519062,0.0537771413199822,-2295.71301571873,29.3501924229084
"n500_d4","gamlss2",500,4,"sigma",9,0.0689139654288489,0.0851496747009665,-2295.71301571873,29.3501924229084
"n500_d4","gamlss2",500,4,"mu",7,0.0233579649797342,0.026591813186955,-2295.71301571873,29.3501924229084
"n500_d4","gamlss2",500,4,"mu",34,0.0471342841449832,0.0622567602444148,-2295.71301571873,29.3501924229084
"n500_d4","gamlss2",500,4,"mu",10,0.0302765058381908,0.0371740006909447,-2295.71301571873,29.3501924229084
"n500_d4","gamlss2",500,4,"mu",5,0.0440839891998529,0.0509003818549593,-2295.71301571873,29.3501924229084
"n500_d4","gamlss2",500,4,"sigma",10,0.0766691982936094,0.0875554837559784,-2295.71301571873,29.3501924229084
"n500_d4","gamlss2",500,4,"mu",8,0.0232102107978141,0.0332703114539249,-2295.71301571873,29.3501924229084
"n500_d4","gamlss2",500,4,"mu",35,0.0235888724237669,0.030953515024205,-2295.71301571873,29.3501924229084
"n500_d4","gamlss2",500,4,"mu",11,0.0278242493672703,0.0311626002114782,-2295.71301571873,29.3501924229084
"n500_d4","gamlss2",500,4,"mu",6,0.0242067713994755,0.0282491046095501,-2295.71301571873,29.3501924229084
"n500_d4","gamlss2",500,4,"sigma",11,0.0661521466028614,0.0916678435937632,-2295.71301571873,29.3501924229084
"n500_d4","gamlss2",500,4,"mu",9,0.0167904873663041,0.0185231863798273,-2295.71301571873,29.3501924229084
"n500_d4","gamlss2",500,4,"mu",36,0.0285188028754072,0.0347115043645561,-2295.71301571873,29.3501924229084
"n500_d4","gamlss2",500,4,"mu",12,0.0237544118940677,0.0289247963204119,-2295.71301571873,29.3501924229084
"n500_d4","gamlss2",500,4,"mu",39,0.0238865767335846,0.0297069363374864,-2295.71301571873,29.3501924229084
"n500_d4","gamlss2",500,4,"sigma",12,0.0772279925203607,0.0947442776657812,-2295.71301571873,29.3501924229084
"n500_d4","gamlss2",500,4,"mu",42,0.0158385984913276,0.0205433094381364,-2295.71301571873,29.3501924229084
"n500_d4","gamlss2",500,4,"mu",37,0.0220638024664122,0.0300173040902827,-2295.71301571873,29.3501924229084
"n500_d4","gamlss2",500,4,"mu",13,0.0267431642832498,0.0356832909195696,-2295.71301571873,29.3501924229084
"n500_d4","gamlss2",500,4,"mu",40,0.0227763094746679,0.0272377862751187,-2295.71301571873,29.3501924229084
"n500_d4","gamlss2",500,4,"sigma",13,0.0839620046190523,0.112930699306604,-2295.71301571873,29.3501924229084
"n500_d4","gamlss2",500,4,"mu",43,0.0279348643431369,0.0338771350624058,-2295.71301571873,29.3501924229084
"n500_d4","gamlss2",500,4,"mu",38,0.0333106615063093,0.0513410210521336,-2295.71301571873,29.3501924229084
"n500_d4","gamlss2",500,4,"mu",14,0.0259296273576605,0.0325970218348517,-2295.71301571873,29.3501924229084
"n500_d4","gamlss2",500,4,"mu",41,0.0367056518038472,0.0515734638800901,-2295.71301571873,29.3501924229084
"n500_d4","gamlss2",500,4,"sigma",14,0.0317322159430421,0.0360462560467824,-2295.71301571873,29.3501924229084
"n500_d4","gamlss2",500,4,"mu",44,0.0349726177661501,0.054544068271613,-2295.71301571873,29.3501924229084
"n500_d4","gamlss2",500,4,"sigma",17,0.106076364685951,0.120044696720715,-2295.71301571873,29.3501924229084
"n500_d4","gamlss2",500,4,"mu",15,0.0253453837951794,0.0353206175634237,-2295.71301571873,29.3501924229084
"n500_d4","gamlss2",500,4,"sigma",20,0.0321516209384406,0.0415246545897703,-2295.71301571873,29.3501924229084
"n500_d4","gamlss2",500,4,"sigma",15,0.0279159714389826,0.0500027106366642,-2295.71301571873,29.3501924229084
"n500_d4","gamlss2",500,4,"mu",45,0.0196539708304011,0.0230195071957376,-2295.71301571873,29.3501924229084
"n500_d4","gamlss2",500,4,"sigma",18,0.185425439904145,0.205641652789925,-2295.71301571873,29.3501924229084
"n500_d4","gamlss2",500,4,"mu",16,0.0317374736789982,0.040890593052439,-2295.71301571873,29.3501924229084
"n500_d4","gamlss2",500,4,"sigma",21,0.0354567631964142,0.0474273068967611,-2295.71301571873,29.3501924229084
"n500_d4","gamlss2",500,4,"sigma",16,0.186057913221168,0.207426037560951,-2295.71301571873,29.3501924229084
"n500_d4","gamlss2",500,4,"mu",46,0.0356073321167002,0.0492500632006608,-2295.71301571873,29.3501924229084
"n500_d4","gamlss2",500,4,"sigma",19,0.0684246514554562,0.0853343600867089,-2295.71301571873,29.3501924229084
"n500_d4","gamlss2",500,4,"mu",17,0.0256188345918736,0.0322582817332363,-2295.71301571873,29.3501924229084
"n500_d4","gamlss2",500,4,"sigma",22,0.042596273628963,0.0675007583877426,-2295.71301571873,29.3501924229084
"n500_d4","gamlss2",500,4,"mu",20,0.0243282612641727,0.0348584765843904,-2295.71301571873,29.3501924229084
"n500_d4","gamlss2",500,4,"mu",47,0.026487349457187,0.0404992450968829,-2295.71301571873,29.3501924229084
"n500_d4","gamlss2",500,4,"mu",23,0.0317232075879504,0.0411057383760318,-2295.71301571873,29.3501924229084
"n500_d4","gamlss2",500,4,"mu",18,0.0340298229819378,0.0416828774819541,-2295.71301571873,29.3501924229084
"n500_d4","gamlss2",500,4,"sigma",23,0.0504255751387638,0.058773717624877,-2295.71301571873,29.3501924229084
"n500_d4","gamlss2",500,4,"mu",21,0.0338438790937114,0.042326196860211,-2295.71301571873,29.3501924229084
"n500_d4","gamlss2",500,4,"mu",48,0.0211740467621047,0.0373139381555084,-2295.71301571873,29.3501924229084
"n500_d4","gamlss2",500,4,"mu",24,0.0334019512840274,0.0374787436177907,-2295.71301571873,29.3501924229084
"n500_d4","gamlss2",500,4,"mu",19,0.0184106377568912,0.0223982767080551,-2295.71301571873,29.3501924229084
"n500_d4","gamlss2",500,4,"sigma",24,0.185689636556379,0.206242703383017,-2295.71301571873,29.3501924229084
"n500_d4","gamlss2",500,4,"mu",22,0.0274671370721646,0.0304231410986159,-2295.71301571873,29.3501924229084
"n500_d4","gamlss2",500,4,"mu",49,0.0387339840920092,0.0456449965707527,-2295.71301571873,29.3501924229084
"n500_d4","gamlss2",500,4,"mu",25,0.0289779135941106,0.0386771184974312,-2295.71301571873,29.3501924229084
"n500_d4","gamlss2",500,4,"mu",1,0.031970373975126,0.0399653607790447,-2295.71301571873,29.3501924229084
"n500_d4","gamlss2",500,4,"sigma",25,0.0535829759236931,0.070192282052605,-2295.71301571873,29.3501924229084
"n500_d4","gamlss2",500,4,"sigma",1,0.0545590069463656,0.0641088509519577,-2295.71301571873,29.3501924229084
"n500_d4","gamlss2",500,4,"mu",50,0.0225066479289424,0.0311433506341704,-2295.71301571873,29.3501924229084
"n500_d4","gamlss2",500,4,"mu",26,0.0296616821677678,0.0358939256009241,-2295.71301571873,29.3501924229084
"n500_d4","gamlss2",500,4,"mu",2,0.0190234138179593,0.0238170580835089,-2295.71301571873,29.3501924229084
"n500_d4","gamlss2",500,4,"sigma",26,0.0383389795753243,0.0471217742634138,-2295.71301571873,29.3501924229084
"n500_d4","gamlss2",500,4,"sigma",2,0.0385061186736953,0.0486361972811854,-2295.71301571873,29.3501924229084
"n500_d4","gamlss2",500,4,"mu",51,0.0281459639302281,0.0340798891927651,-2295.71301571873,29.3501924229084
"n500_d4","gamlss2",500,4,"mu",27,0.0222805865085237,0.0268328692230895,-2295.71301571873,29.3501924229084
"n500_d4","gamlss2",500,4,"mu",3,0.0267127502479081,0.0321935820641954,-2295.71301571873,29.3501924229084
"n500_d4","gamlss2",500,4,"sigma",27,0.049422419204288,0.0626960958267111,-2295.71301571873,29.3501924229084
"n500_d4","gamlss2",500,4,"sigma",3,0.185595665390559,0.205915753667245,-2295.71301571873,29.3501924229084
"n500_d4","gamlss2",500,4,"mu",52,0.0250060488099246,0.031434984437972,-2295.71301571873,29.3501924229084
"n500_d4","gamlss2",500,4,"mu",28,0.0343636459012049,0.0372759144579542,-2295.71301571873,29.3501924229084
"n500_d4","gamlss2",500,4,"sigma",52,0.0338152764162442,0.0423688504775042,-2295.71301571873,29.3501924229084
"n500_d4","gamlss2",500,4,"sigma",28,0.0680597758347311,0.0912136889740654,-2295.71301571873,29.3501924229084
"n500_d4","gamlss2",500,4,"mu",77,0.0281909636216148,0.0344890031161824,-2295.71301571873,29.3501924229084
"n500_d4","gamlss2",500,4,"mu",53,0.0330671301329586,0.0398852244426247,-2295.71301571873,29.3501924229084
"n500_d4","gamlss2",500,4,"sigma",77,0.0522477253909286,0.0617826130490794,-2295.71301571873,29.3501924229084
"n500_d4","gamlss2",500,4,"sigma",53,0.0702629749169861,0.0817488063913484,-2295.71301571873,29.3501924229084
"n500_d4","gamlss2",500,4,"sigma",29,0.0632188279081548,0.082375491344247,-2295.71301571873,29.3501924229084
"n500_d4","gamlss2",500,4,"mu",78,0.0371085748956468,0.048541684105265,-2295.71301571873,29.3501924229084
"n500_d4","gamlss2",500,4,"mu",54,0.0254064683661454,0.0359360959585468,-2295.71301571873,29.3501924229084
"n500_d4","gamlss2",500,4,"sigma",78,0.061378560979965,0.0715526541693424,-2295.71301571873,29.3501924229084
"n500_d4","gamlss2",500,4,"sigma",54,0.0465783663694419,0.0565265537918245,-2295.71301571873,29.3501924229084
"n500_d4","gamlss2",500,4,"sigma",30,0.0615603133184063,0.0778494683468801,-2295.71301571873,29.3501924229084
"n500_d4","gamlss2",500,4,"mu",79,0.0274758283310389,0.0354443387112852,-2295.71301571873,29.3501924229084
"n500_d4","gamlss2",500,4,"mu",55,0.027663677119232,0.034796948364784,-2295.71301571873,29.3501924229084
"n500_d4","gamlss2",500,4,"sigma",79,0.0554411067339655,0.0670323354715265,-2295.71301571873,29.3501924229084
"n500_d4","gamlss2",500,4,"sigma",55,0.0767288585741812,0.0990864587028685,-2295.71301571873,29.3501924229084
"n500_d4","gamlss2",500,4,"sigma",31,0.0523202610928503,0.0645946878493263,-2295.71301571873,29.3501924229084
"n500_d4","gamlss2",500,4,"mu",80,0.0244054445462563,0.0280104366700677,-2295.71301571873,29.3501924229084
"n500_d4","gamlss2",500,4,"mu",56,0.0224305180007814,0.0303762892491108,-2295.71301571873,29.3501924229084
"n500_d4","gamlss2",500,4,"sigma",80,0.0703368648180855,0.0826969839583188,-2295.71301571873,29.3501924229084
"n500_d4","gamlss2",500,4,"sigma",56,0.0680650524757803,0.083332371970994,-2295.71301571873,29.3501924229084
"n500_d4","gamlss2",500,4,"sigma",32,0.0662623277865153,0.0802399922567432,-2295.71301571873,29.3501924229084
"n500_d4","gamlss2",500,4,"mu",81,0.0260771032673067,0.0312622067618166,-2295.71301571873,29.3501924229084
"n500_d4","gamlss2",500,4,"mu",57,0.0406907110370106,0.0522554512896141,-2295.71301571873,29.3501924229084
"n500_d4","gamlss2",500,4,"sigma",81,0.185645172502342,0.206321557432307,-2295.71301571873,29.3501924229084
"n500_d4","gamlss2",500,4,"sigma",57,0.0462048655744981,0.0558435520491401,-2295.71301571873,29.3501924229084
"n500_d4","gamlss2",500,4,"sigma",33,0.0352944217902353,0.0376973679596601,-2295.71301571873,29.3501924229084
"n500_d4","gamlss2",500,4,"mu",82,0.0376137558082677,0.0478622071091177,-2295.71301571873,29.3501924229084
"n500_d4","gamlss2",500,4,"mu",58,0.0310982469973021,0.0381746315064369,-2295.71301571873,29.3501924229084
"n500_d4","gamlss2",500,4,"sigma",82,0.0427390711655033,0.0499516688141792,-2295.71301571873,29.3501924229084
"n500_d4","gamlss2",500,4,"sigma",58,0.0348332491092956,0.0422101744444562,-2295.71301571873,29.3501924229084
"n500_d4","gamlss2",500,4,"sigma",34,0.0727190785467183,0.0847056726265176,-2295.71301571873,29.3501924229084
"n500_d4","gamlss2",500,4,"mu",83,0.0401560807326939,0.0507698366130699,-2295.71301571873,29.3501924229084
"n500_d4","gamlss2",500,4,"mu",59,0.0159111196624923,0.0203061695006426,-2295.71301571873,29.3501924229084
"n500_d4","gamlss2",500,4,"sigma",83,0.0787722974203433,0.0983522450771695,-2295.71301571873,29.3501924229084
"n500_d4","gamlss2",500,4,"sigma",59,0.05557892371736,0.0741964005881131,-2295.71301571873,29.3501924229084
"n500_d4","gamlss2",500,4,"sigma",35,0.0878919756091477,0.115531136997791,-2295.71301571873,29.3501924229084
"n500_d4","gamlss2",500,4,"mu",84,0.0274948373837417,0.0338493067286335,-2295.71301571873,29.3501924229084
"n500_d4","gamlss2",500,4,"mu",60,0.0274483704354973,0.0400520643220066,-2295.71301571873,29.3501924229084
"n500_d4","gamlss2",500,4,"sigma",84,0.183856626763555,0.203849847994993,-2295.71301571873,29.3501924229084
"n500_d4","gamlss2",500,4,"sigma",60,0.0346646668873194,0.0431097480581951,-2295.71301571873,29.3501924229084
"n500_d4","gamlss2",500,4,"sigma",36,0.0724968070434862,0.089878953276203,-2295.71301571873,29.3501924229084
"n500_d4","gamlss2",500,4,"mu",85,0.0325284178780229,0.0401380107677324,-2295.71301571873,29.3501924229084
"n500_d4","gamlss2",500,4,"mu",61,0.0286177400878197,0.0337312229781441,-2295.71301571873,29.3501924229084
"n500_d4","gamlss2",500,4,"sigma",85,0.0697419591547927,0.0825007443515011,-2295.71301571873,29.3501924229084
"n500_d4","gamlss2",500,4,"sigma",61,0.052545107982743,0.0631667916910775,-2295.71301571873,29.3501924229084
"n500_d4","gamlss2",500,4,"sigma",37,0.0404672456625466,0.0566838411909353,-2295.71301571873,29.3501924229084
"n500_d4","gamlss2",500,4,"mu",86,0.0307454999429851,0.0465342541293114,-2295.71301571873,29.3501924229084
"n500_d4","gamlss2",500,4,"mu",62,0.0195583664173053,0.0236813807236836,-2295.71301571873,29.3501924229084
"n500_d4","gamlss2",500,4,"sigma",86,0.185539291454425,0.205803526695005,-2295.71301571873,29.3501924229084
"n500_d4","gamlss2",500,4,"sigma",62,0.186226406099884,0.207920240294772,-2295.71301571873,29.3501924229084
"n500_d4","gamlss2",500,4,"sigma",38,0.0610406746904961,0.0719947974489862,-2295.71301571873,29.3501924229084
"n500_d4","gamlss2",500,4,"mu",87,0.029382418890726,0.0385552260088077,-2295.71301571873,29.3501924229084
"n500_d4","gamlss2",500,4,"mu",63,0.0253452272083733,0.030782491060689,-2295.71301571873,29.3501924229084
"n500_d4","gamlss2",500,4,"sigma",87,0.185655536427599,0.206373745445862,-2295.71301571873,29.3501924229084
"n500_d4","gamlss2",500,4,"sigma",63,0.0756000895076698,0.0956030975842312,-2295.71301571873,29.3501924229084
"n500_d4","gamlss2",500,4,"sigma",39,0.0820951479179478,0.108176089551203,-2295.71301571873,29.3501924229084
"n500_d4","gamlss2",500,4,"mu",88,0.0261423540960889,0.0381478653708542,-2295.71301571873,29.3501924229084
"n500_d4","gamlss2",500,4,"mu",64,0.0264355652091457,0.0341261697951972,-2295.71301571873,29.3501924229084
"n500_d4","gamlss2",500,4,"sigma",88,0.0486383689811436,0.0565478765655481,-2295.71301571873,29.3501924229084
"n500_d4","gamlss2",500,4,"sigma",64,0.0658340831792807,0.0838724622881357,-2295.71301571873,29.3501924229084
"n500_d4","gamlss2",500,4,"sigma",40,0.0466004152157163,0.0637584543055001,-2295.71301571873,29.3501924229084
"n500_d4","gamlss2",500,4,"mu",89,0.0263070430529232,0.0347096326347468,-2295.71301571873,29.3501924229084
"n500_d4","gamlss2",500,4,"mu",65,0.0334084820077754,0.0430681986141962,-2295.71301571873,29.3501924229084
"n500_d4","gamlss2",500,4,"sigma",89,0.0681321472545981,0.076872914085782,-2295.71301571873,29.3501924229084
"n500_d4","gamlss2",500,4,"sigma",65,0.0495660262153368,0.0665260895301657,-2295.71301571873,29.3501924229084
"n500_d4","gamlss2",500,4,"sigma",41,0.0516942707080612,0.0682791186560169,-2295.71301571873,29.3501924229084
"n500_d4","gamlss2",500,4,"mu",90,0.0287363811112437,0.0335914935826921,-2295.71301571873,29.3501924229084
"n500_d4","gamlss2",500,4,"mu",66,0.0445083961688224,0.0553665256562498,-2295.71301571873,29.3501924229084
"n500_d4","gamlss2",500,4,"sigma",90,0.0638848688467352,0.0725379227529575,-2295.71301571873,29.3501924229084
"n500_d4","gamlss2",500,4,"sigma",66,0.0308822918523195,0.0386124145386051,-2295.71301571873,29.3501924229084
"n500_d4","gamlss2",500,4,"sigma",42,0.0457448478046926,0.0523262998412438,-2295.71301571873,29.3501924229084
"n500_d4","gamlss2",500,4,"mu",91,0.0172797363369329,0.0209023467545945,-2295.71301571873,29.3501924229084
"n500_d4","gamlss2",500,4,"mu",67,0.02958099095594,0.0376711816162019,-2295.71301571873,29.3501924229084
"n500_d4","gamlss2",500,4,"sigma",91,0.0430109637113376,0.0563594149699564,-2295.71301571873,29.3501924229084
"n500_d4","gamlss2",500,4,"sigma",67,0.18585931990285,0.206944206911242,-2295.71301571873,29.3501924229084
"n500_d4","gamlss2",500,4,"sigma",43,0.0576070012919343,0.0842786631991148,-2295.71301571873,29.3501924229084
"n500_d4","gamlss2",500,4,"mu",92,0.0304450629535217,0.0400665731207119,-2295.71301571873,29.3501924229084
"n500_d4","gamlss2",500,4,"mu",68,0.0475414362191,0.0642888747668594,-2295.71301571873,29.3501924229084
"n500_d4","gamlss2",500,4,"sigma",92,0.0571780321979438,0.0689483832136594,-2295.71301571873,29.3501924229084
"n500_d4","gamlss2",500,4,"sigma",68,0.185659205756678,0.206022023044811,-2295.71301571873,29.3501924229084
"n500_d4","gamlss2",500,4,"sigma",44,0.0572236333562701,0.0639055777657211,-2295.71301571873,29.3501924229084
"n500_d4","gamlss2",500,4,"mu",93,0.0273581072086093,0.0349674230110666,-2295.71301571873,29.3501924229084
"n500_d4","gamlss2",500,4,"mu",69,0.0310295603133734,0.0372844223708379,-2295.71301571873,29.3501924229084
"n500_d4","gamlss2",500,4,"sigma",93,0.0435668527184232,0.0579788677739774,-2295.71301571873,29.3501924229084
"n500_d4","gamlss2",500,4,"sigma",69,0.0486104789836602,0.0571038814432271,-2295.71301571873,29.3501924229084
"n500_d4","gamlss2",500,4,"sigma",45,0.0374785407973826,0.0482862241767522,-2295.71301571873,29.3501924229084
"n500_d4","gamlss2",500,4,"mu",94,0.0263926929457988,0.0343225827728872,-2295.71301571873,29.3501924229084
"n500_d4","gamlss2",500,4,"mu",70,0.0165855086363341,0.0209208930924127,-2295.71301571873,29.3501924229084
"n500_d4","gamlss2",500,4,"sigma",94,0.0811259361914598,0.0947826499721134,-2295.71301571873,29.3501924229084
"n500_d4","gamlss2",500,4,"sigma",70,0.185496134682586,0.205738328285703,-2295.71301571873,29.3501924229084
"n500_d4","gamlss2",500,4,"sigma",46,0.0823633248219291,0.0958257825227827,-2295.71301571873,29.3501924229084
"n500_d4","gamlss2",500,4,"mu",95,0.0266910452484334,0.0363025253702625,-2295.71301571873,29.3501924229084
"n500_d4","gamlss2",500,4,"mu",71,0.0387284917851335,0.0534589872620729,-2295.71301571873,29.3501924229084
"n500_d4","gamlss2",500,4,"sigma",95,0.0707120937789632,0.0891889777233247,-2295.71301571873,29.3501924229084
"n500_d4","gamlss2",500,4,"sigma",71,0.185686926511226,0.20637444636494,-2295.71301571873,29.3501924229084
"n500_d4","gamlss2",500,4,"sigma",47,0.0675087906689825,0.0770233950990863,-2295.71301571873,29.3501924229084
"n500_d4","gamlss2",500,4,"mu",96,0.0314050066687254,0.0367377796785697,-2295.71301571873,29.3501924229084
"n500_d4","gamlss2",500,4,"mu",72,0.0413264723181609,0.0524024591841769,-2295.71301571873,29.3501924229084
"n500_d4","gamlss2",500,4,"sigma",96,0.0833154406812319,0.0938760817085988,-2295.71301571873,29.3501924229084
"n500_d4","gamlss2",500,4,"sigma",72,0.069440615088066,0.0835325972661408,-2295.71301571873,29.3501924229084
"n500_d4","gamlss2",500,4,"sigma",48,0.0661439246727087,0.0786497225602564,-2295.71301571873,29.3501924229084
"n500_d4","gamlss2",500,4,"mu",97,0.0257142999083944,0.0347694746550208,-2295.71301571873,29.3501924229084
"n500_d4","gamlss2",500,4,"mu",73,0.030409034601591,0.0468840443546667,-2295.71301571873,29.3501924229084
"n500_d4","gamlss2",500,4,"sigma",97,0.0852431333139052,0.102551256578422,-2295.71301571873,29.3501924229084
"n500_d4","gamlss2",500,4,"sigma",73,0.0699424869269759,0.0902144374586885,-2295.71301571873,29.3501924229084
"n500_d4","gamlss2",500,4,"sigma",49,0.036924741843896,0.0544686497274616,-2295.71301571873,29.3501924229084
"n500_d4","gamlss2",500,4,"mu",98,0.0240741701737655,0.0331629608816795,-2295.71301571873,29.3501924229084
"n500_d4","gamlss2",500,4,"mu",74,0.0305358685545011,0.0412255414110009,-2295.71301571873,29.3501924229084
"n500_d4","gamlss2",500,4,"sigma",98,0.0397404078456092,0.0529757875123134,-2295.71301571873,29.3501924229084
"n500_d4","gamlss2",500,4,"sigma",74,0.0624954247142623,0.0848259859642801,-2295.71301571873,29.3501924229084
"n500_d4","gamlss2",500,4,"sigma",50,0.0484768074022096,0.0556393155559183,-2295.71301571873,29.3501924229084
"n500_d4","gamlss2",500,4,"mu",99,0.0363437707741916,0.0462105474916927,-2295.71301571873,29.3501924229084
"n500_d4","gamlss2",500,4,"mu",75,0.029747158348108,0.036341484616526,-2295.71301571873,29.3501924229084
"n500_d4","gamlss2",500,4,"sigma",99,0.185509604652455,0.20571738145475,-2295.71301571873,29.3501924229084
"n500_d4","gamlss2",500,4,"sigma",75,0.0575038171537223,0.0726030667959295,-2295.71301571873,29.3501924229084
"n500_d4","gamlss2",500,4,"sigma",51,0.0708070577534066,0.0860623621162043,-2295.71301571873,29.3501924229084
"n500_d4","gamlss2",500,4,"mu",100,0.0299424031665007,0.0388369200176225,-2295.71301571873,29.3501924229084
"n500_d4","gamlss2",500,4,"mu",76,0.0157948879758715,0.0202097077366967,-2295.71301571873,29.3501924229084
"n500_d4","gamlss2",500,4,"sigma",100,0.0665307089632299,0.0801622090059529,-2295.71301571873,29.3501924229084
"n500_d4","gamlss2",500,4,"sigma",76,0.0661958846161193,0.0876252992850513,-2295.71301571873,29.3501924229084
