"rep","engine","success","logLik","df","converged","iter","mu_irmse","sigma_irmse","theta_irmse","elapsed_sec","error"
1,"gamlss",TRUE,-4530.40615691236,21.0000008073367,TRUE,3,0.0699405957251297,0.107197008606255,NA,1.02487778663635,NA
1,"ours_rs_joint",TRUE,-4116.6565914018,NA,TRUE,6,0.0568769761469942,0.0752724976508539,0.0509952741681196,358.933614015579,NA
2,"gamlss",TRUE,-4484.93816996039,21.0000000244551,TRUE,5,0.0454061389955468,0.0946415521110199,NA,0.986371994018555,NA
2,"ours_rs_joint",TRUE,-4074.23302234248,NA,TRUE,10,0.0397285725893879,0.073736097946284,0.0820403001726908,479.26153087616,NA
3,"gamlss",TRUE,-4369.36092337308,21.0000001568089,TRUE,4,0.105832780677087,0.113428869906927,NA,0.6507248878479,NA
3,"ours_rs_joint",TRUE,-3980.02846579272,NA,TRUE,5,0.10049680619487,0.0845878004739963,0.0689919098676675,392.170235157013,NA
4,"gamlss",TRUE,-4357.06241917255,21.0000000935061,TRUE,6,0.0364556946879634,0.241689372834993,NA,0.732545852661133,NA
4,"ours_rs_joint",TRUE,-3954.93897995726,NA,TRUE,7,0.037272098663708,0.220989084594207,0.082019616490514,316.367490053177,NA
5,"gamlss",TRUE,-4439.75437647504,21.0000436665948,TRUE,5,0.0534355088605367,0.169533289825378,NA,0.721991062164307,NA
5,"ours_rs_joint",TRUE,-4064.08085964859,NA,TRUE,5,0.0446897385816623,0.126147919640374,0.0689472238244738,328.548373937607,NA
6,"gamlss",TRUE,-4407.50071406211,21.0000289456196,TRUE,6,0.0655548212521054,0.216574309234298,NA,1.0728759765625,NA
6,"ours_rs_joint",TRUE,-4011.32095461176,NA,TRUE,9,0.0508191839512039,0.0790548237610686,0.0553808725740897,561.222159862518,NA
7,"gamlss",TRUE,-4430.18136331454,20.999999834349,TRUE,5,0.070227095029584,0.127958331145241,NA,0.969266891479492,NA
7,"ours_rs_joint",TRUE,-3973.41782046864,NA,TRUE,6,0.0721177291501532,0.103745117860319,0.0421927808535167,459.531351804733,NA
8,"gamlss",TRUE,-4421.82687888568,21.0000000627243,TRUE,3,0.0794413004395788,0.192503594291332,NA,0.972867965698242,NA
8,"ours_rs_joint",TRUE,-3998.18730995591,NA,TRUE,7,0.0626514304529527,0.117309050160425,0.0685970046175108,418.355782985687,NA
9,"gamlss",TRUE,-4400.29729705123,21.0000000845098,TRUE,5,0.0560305654805514,0.117307339292901,NA,1.20959901809692,NA
9,"ours_rs_joint",TRUE,-4020.17318734759,NA,TRUE,6,0.0219226686448697,0.071515845753763,0.053406491973088,441.627873897552,NA
10,"gamlss",TRUE,-4447.19951363282,21.0000000815733,TRUE,5,0.104594679371195,0.18400518077471,NA,0.765160799026489,NA
10,"ours_rs_joint",TRUE,-4081.75703989082,NA,TRUE,6,0.10291086256124,0.153469702746406,0.0548322367221572,364.509812831879,NA
11,"gamlss",TRUE,-4497.79533068794,20.9999999585338,TRUE,5,0.121976711463711,0.163300462446726,NA,2.20594787597656,NA
11,"ours_rs_joint",TRUE,-4099.39029082465,NA,TRUE,8,0.0902276772482913,0.131401577885715,0.0677345622268987,488.157687902451,NA
12,"gamlss",TRUE,-4397.33787477879,21.0000000609508,TRUE,4,0.0691631863386105,0.121323264768447,NA,1.29885601997375,NA
12,"ours_rs_joint",TRUE,-4056.84057023593,NA,TRUE,10,0.0794623947552434,0.110366204856541,0.071296005690249,507.216026067734,NA
13,"gamlss",TRUE,-4477.51687498978,21.0000001324002,TRUE,5,0.0642125776032532,0.160090563404027,NA,0.694293022155762,NA
13,"ours_rs_joint",TRUE,-4046.19241259214,NA,TRUE,8,0.0622631257743603,0.106590977839171,0.0468916350189906,457.120835065842,NA
14,"gamlss",TRUE,-4389.38923705556,21.0000080876645,TRUE,5,0.0816155961805302,0.117243906784506,NA,3.81957411766052,NA
14,"ours_rs_joint",TRUE,-3941.93781546362,NA,TRUE,8,0.0864016057590539,0.0993171843464303,0.0887804014174835,377.931058883667,NA
15,"gamlss",TRUE,-4438.26873444849,21.0000144826605,TRUE,4,0.0427267869284707,0.18898330436516,NA,0.792569875717163,NA
15,"ours_rs_joint",TRUE,-4022.30604474124,NA,TRUE,8,0.0406025099682768,0.168404197822407,0.0607560440810062,351.719397068024,NA
16,"gamlss",TRUE,-4443.31223426824,21.0000053543311,TRUE,4,0.0873403913841949,0.249574114402888,NA,0.705224990844727,NA
16,"ours_rs_joint",TRUE,-4037.0853870448,NA,TRUE,5,0.0667380613295317,0.166152872515176,0.112213895455475,467.544064998627,NA
17,"gamlss",TRUE,-4481.02042180757,21.0000001255275,TRUE,4,0.103950987937077,0.135085746056391,NA,1.2089102268219,NA
17,"ours_rs_joint",TRUE,-4026.82427779643,NA,TRUE,6,0.0908268366079182,0.087266377727309,0.0770234728577144,415.994087934494,NA
18,"gamlss",TRUE,-4392.73798775394,21.0000000867944,TRUE,5,0.0655144081331667,0.191605378427204,NA,0.858707189559937,NA
18,"ours_rs_joint",TRUE,-3989.64033663418,NA,TRUE,9,0.0633570785439728,0.0836681988748677,0.0478504836230296,381.43671298027,NA
19,"gamlss",TRUE,-4407.44544383469,21.0000042141237,TRUE,6,0.0650204579601677,0.184897922811683,NA,1.81851291656494,NA
19,"ours_rs_joint",TRUE,-3984.75675525686,NA,TRUE,6,0.0403296572091563,0.165597182126409,0.10458178895954,551.825613975525,NA
20,"gamlss",TRUE,-4423.16232712087,21.0000000250905,TRUE,4,0.0566234559651561,0.213653580323905,NA,0.756433010101318,NA
20,"ours_rs_joint",TRUE,-4005.70635885501,NA,TRUE,9,0.0333568408497764,0.228349228017749,0.101818460821931,618.928359031677,NA
21,"gamlss",TRUE,-4412.45301949701,21.0000000417302,TRUE,5,0.0630940546234843,0.155449606767758,NA,0.750555992126465,NA
21,"ours_rs_joint",TRUE,-4034.19404435825,NA,TRUE,6,0.0496655702379097,0.111590460656541,0.0512178155734881,503.940382957458,NA
22,"gamlss",TRUE,-4484.71005148213,21.000000052524,TRUE,5,0.081453641744557,0.24741461029747,NA,0.885729074478149,NA
22,"ours_rs_joint",TRUE,-4059.0773860281,NA,TRUE,7,0.0784533036417418,0.23789101129481,0.0554225065642767,436.662160158157,NA
23,"gamlss",TRUE,-4514.28005439756,21.0000239901814,TRUE,4,0.0915891950135977,0.250958483771091,NA,0.807276010513306,NA
23,"ours_rs_joint",TRUE,-4126.8028594559,NA,TRUE,7,0.072936792956997,0.274972722523633,0.101602608640076,555.103173017502,NA
24,"gamlss",TRUE,-4508.03886706721,21.0000039974371,TRUE,5,0.10305395259411,0.225301511006476,NA,0.950509071350098,NA
24,"ours_rs_joint",TRUE,-4083.59755123917,NA,TRUE,9,0.088108451611661,0.124188201763877,0.0998314164490239,575.942745923996,NA
25,"gamlss",TRUE,-4534.10939998904,21.000000054878,TRUE,4,0.0407841285114541,0.0941380016736824,NA,1.09924697875977,NA
25,"ours_rs_joint",TRUE,-4132.76623571058,NA,TRUE,8,0.0401905664819618,0.0856471036431598,0.0396426496742071,522.487582921982,NA
26,"gamlss",TRUE,-4359.75026786561,21.0000000285376,TRUE,4,0.0579363094111188,0.0556087005167156,NA,0.839685201644897,NA
26,"ours_rs_joint",TRUE,-3957.80751401353,NA,TRUE,9,0.055945796384591,0.0621488930420039,0.0459725697816887,476.013381958008,NA
27,"gamlss",TRUE,-4490.99171777647,21.000000143443,TRUE,4,0.0826228361855551,0.18713000542842,NA,0.879051923751831,NA
27,"ours_rs_joint",TRUE,-4121.93609821124,NA,TRUE,9,0.0848904586833337,0.128051595273403,0.0637735254917648,476.975477218628,NA
28,"gamlss",TRUE,-4537.47060668972,21.0000000277029,TRUE,4,0.0757626167444877,0.234935760286686,NA,0.906208992004395,NA
28,"ours_rs_joint",TRUE,-4067.7181762504,NA,TRUE,9,0.0672972097353962,0.197796507059199,0.0671180253991908,478.088790178299,NA
29,"gamlss",TRUE,-4427.86549331236,21.0000000780881,TRUE,6,0.0862585437185234,0.235878295474873,NA,4.45581603050232,NA
29,"ours_rs_joint",TRUE,-4041.51491519978,NA,TRUE,6,0.0650534517386693,0.211903885200126,0.112363534998997,476.451865911484,NA
30,"gamlss",TRUE,-4460.61998823628,21.0000203360681,TRUE,4,0.0624556755145475,0.138164597624155,NA,0.790034055709839,NA
30,"ours_rs_joint",TRUE,-4037.93250838988,NA,TRUE,10,0.0600581375610489,0.0524481548533133,0.0659479054168512,433.262418985367,NA
31,"gamlss",TRUE,-4521.76130945986,21.0000279951411,TRUE,4,0.074596005506274,0.11793685126238,NA,0.700865983963013,NA
31,"ours_rs_joint",TRUE,-4113.14675522791,NA,TRUE,9,0.0649539824969663,0.0653466399371159,0.0348870140249094,424.709689855576,NA
32,"gamlss",TRUE,-4479.61588875733,21.0000083432789,TRUE,5,0.0727504237121732,0.161008722260023,NA,0.856850862503052,NA
32,"ours_rs_joint",TRUE,-4087.86273258714,NA,TRUE,5,0.0645935657589106,0.117836698247579,0.0648740818039049,387.579952955246,NA
33,"gamlss",TRUE,-4499.95852054843,20.9999576829696,TRUE,4,0.070045858346413,0.168357760508594,NA,0.958539009094238,NA
33,"ours_rs_joint",TRUE,-4076.59524231538,NA,TRUE,8,0.0734749793676258,0.120756749921754,0.0486663731870876,419.084378004074,NA
34,"gamlss",TRUE,-4509.501226826,21.0000000461305,TRUE,5,0.0600384760445521,0.141786832570309,NA,2.07876706123352,NA
34,"ours_rs_joint",TRUE,-4077.06021199438,NA,TRUE,6,0.0434436444227095,0.108439067720946,0.100275696556515,387.962082862854,NA
35,"gamlss",TRUE,-4670.66007473845,21.0000421273415,TRUE,5,0.0534818560593065,0.168431746710861,NA,0.76623010635376,NA
35,"ours_rs_joint",TRUE,-4296.27382525175,NA,TRUE,6,0.0479223308592687,0.0946150816597331,0.0658906923147927,395.069394111633,NA
36,"gamlss",TRUE,-4475.31461000767,21.0000000964243,TRUE,5,0.143270353641248,0.136618806688586,NA,0.83903694152832,NA
36,"ours_rs_joint",TRUE,-4040.57819784519,NA,TRUE,7,0.124660351126498,0.0688075795954362,0.0827950004901236,504.758133888245,NA
37,"gamlss",TRUE,-4441.48653294799,20.9999998255478,TRUE,4,0.0781621850258628,0.196114408464509,NA,0.83575701713562,NA
37,"ours_rs_joint",TRUE,-4041.51665913474,NA,TRUE,8,0.0571716251378502,0.151512844606239,0.0498007295127376,406.270653963089,NA
38,"gamlss",TRUE,-4521.06891075333,21.0000017349037,TRUE,4,0.0848572934736571,0.140779081357769,NA,3.44404101371765,NA
38,"ours_rs_joint",TRUE,-4125.66169944864,NA,TRUE,7,0.0734546116037226,0.11247913658717,0.0651408280816137,560.523150920868,NA
39,"gamlss",TRUE,-4514.80438509699,21.000000021026,TRUE,5,0.114486017427404,0.157035138223271,NA,0.767249822616577,NA
39,"ours_rs_joint",TRUE,-4112.5370062827,NA,TRUE,5,0.0848886413442269,0.0980164642428419,0.0624018299809994,367.217391967773,NA
40,"gamlss",TRUE,-4431.50583394456,21.0000000565449,TRUE,5,0.0902478738975436,0.140148587049098,NA,0.686195135116577,NA
40,"ours_rs_joint",TRUE,-4029.53330383107,NA,TRUE,5,0.0852587982844229,0.0917896360600992,0.0607840461873022,362.672826051712,NA
41,"gamlss",TRUE,-4458.78829354759,21.0000279575909,TRUE,5,0.0748793542837463,0.15824995750765,NA,0.919561862945557,NA
41,"ours_rs_joint",TRUE,-4042.60530201523,NA,TRUE,11,0.0746810052253331,0.114093987332936,0.0802881716728057,591.780042171478,NA
42,"gamlss",TRUE,-4416.81457619434,21.0000000732586,TRUE,5,0.0652007041571257,0.198519566899781,NA,2.0433988571167,NA
42,"ours_rs_joint",TRUE,-4042.4085177795,NA,TRUE,7,0.0598592833065134,0.0758875467455673,0.0308739987497015,386.714657068253,NA
43,"gamlss",TRUE,-4384.67117151042,21.0000128098458,TRUE,5,0.0233703626844246,0.272666380783976,NA,0.901999950408936,NA
43,"ours_rs_joint",TRUE,-4051.01031542145,NA,TRUE,5,0.0175892449402654,0.250056639223498,0.053978819283189,371.207273960114,NA
44,"gamlss",TRUE,-4454.27304705754,21.0000000681185,TRUE,4,0.0856206031707357,0.0879082593650856,NA,0.663661003112793,NA
44,"ours_rs_joint",TRUE,-4012.69715466899,NA,TRUE,9,0.086770698182559,0.0546561104329999,0.0578678778217614,447.738826990128,NA
45,"gamlss",TRUE,-4461.31996919309,21.0000000968434,TRUE,4,0.0611319284118671,0.140592763059276,NA,0.729364156723022,NA
45,"ours_rs_joint",TRUE,-4017.48335034125,NA,TRUE,7,0.0582900368127303,0.121188601150665,0.050531125439986,435.794734954834,NA
46,"gamlss",TRUE,-4370.25740340595,21.0000000207224,TRUE,3,0.0711441413940804,0.235991885627352,NA,1.12259101867676,NA
46,"ours_rs_joint",TRUE,-3953.51452801823,NA,TRUE,6,0.0645335579804413,0.108307847976429,0.0385025163581731,484.733912944794,NA
47,"gamlss",TRUE,-4503.80656424159,20.999954113599,TRUE,4,0.0881934846909164,0.18938945794682,NA,1.71300292015076,NA
47,"ours_rs_joint",TRUE,-4063.00994351929,NA,TRUE,7,0.0874863036664617,0.151962292027793,0.0780748359519457,398.264080047607,NA
48,"gamlss",TRUE,-4514.22731944621,21.0000000324749,TRUE,4,0.0694236444900698,0.138999068196162,NA,0.8194580078125,NA
48,"ours_rs_joint",TRUE,-4054.8253924427,NA,TRUE,8,0.048187483092092,0.0932533180174246,0.0712396309994569,521.801687955856,NA
49,"gamlss",TRUE,-4416.83172337826,21.000000037585,TRUE,5,0.0746196386628594,0.108819605314024,NA,1.31679892539978,NA
49,"ours_rs_joint",TRUE,-4014.87598895009,NA,TRUE,6,0.0636695986511563,0.0507593808054774,0.026338052597116,376.030067920685,NA
50,"gamlss",TRUE,-4331.47292446906,21.0000032440285,TRUE,3,0.0963187045099443,0.126336150575181,NA,0.621348857879639,NA
50,"ours_rs_joint",TRUE,-3959.8128753563,NA,TRUE,8,0.0930985365414202,0.0394654559335852,0.0427033478566693,418.679910898209,NA
51,"gamlss",TRUE,-4397.79599912559,21.0000371658791,TRUE,4,0.0894087179058771,0.213416553392772,NA,1.17296504974365,NA
51,"ours_rs_joint",TRUE,-4002.50435416535,NA,TRUE,5,0.0754161255268506,0.182661299826602,0.080289939647284,384.658499956131,NA
52,"gamlss",TRUE,-4472.35970447295,21.0000000496651,TRUE,5,0.0556252365218217,0.278231644200418,NA,4.05964708328247,NA
52,"ours_rs_joint",TRUE,-4068.61082950267,NA,TRUE,8,0.056598802207404,0.23067911832233,0.103554115128755,532.317839860916,NA
53,"gamlss",TRUE,-4254.85002419887,21.0000084403471,TRUE,4,0.0921549996851889,0.247559410258108,NA,1.40016102790833,NA
53,"ours_rs_joint",TRUE,-3909.92560750148,NA,TRUE,6,0.0897619820299893,0.163196399646825,0.0574986292287778,439.083858966827,NA
54,"gamlss",TRUE,-4328.58429303265,21.0000000412294,TRUE,4,0.0879003757390179,0.160846880086864,NA,0.627909898757935,NA
54,"ours_rs_joint",TRUE,-3898.68172128626,NA,TRUE,6,0.0719394181411692,0.0956346313923147,0.0820785997967153,446.218384027481,NA
55,"gamlss",TRUE,-4511.97283489105,21.0000000570867,TRUE,4,0.0778655663662224,0.118688187026496,NA,0.681091785430908,NA
55,"ours_rs_joint",TRUE,-4150.45406879412,NA,TRUE,5,0.063697020168677,0.103052800835096,0.0465965612547428,366.332249879837,NA
56,"gamlss",TRUE,-4480.045056185,21.0000160654522,TRUE,8,0.0583719911082753,0.35842084548601,NA,4.12737202644348,NA
56,"ours_rs_joint",TRUE,-4098.94108593449,NA,TRUE,8,0.036452119356559,0.200760776755088,0.068907293579959,507.882160902023,NA
57,"gamlss",TRUE,-4420.70108629125,21.0000030237131,TRUE,5,0.069666473794369,0.181912183728947,NA,0.785538911819458,NA
57,"ours_rs_joint",TRUE,-4015.30897244744,NA,TRUE,5,0.0393593862135307,0.101177082436363,0.0236179722181104,388.06675195694,NA
58,"gamlss",TRUE,-4434.42599884643,21.0000050785764,TRUE,4,0.0699064825527012,0.111200415921828,NA,0.805309057235718,NA
58,"ours_rs_joint",TRUE,-4026.63604997822,NA,TRUE,9,0.0558881689684597,0.102158166702402,0.0333657910180982,418.939888000488,NA
59,"gamlss",TRUE,-4397.28887075063,21.0000000654693,TRUE,4,0.0555568846042166,0.122709863753361,NA,0.647043943405151,NA
59,"ours_rs_joint",TRUE,-3971.54741310255,NA,TRUE,6,0.033390875761768,0.108531328167663,0.0557913336296866,404.94295501709,NA
60,"gamlss",TRUE,-4444.94511736542,21.0000141293679,TRUE,4,0.0947371742246618,0.204261569803966,NA,0.822844982147217,NA
60,"ours_rs_joint",TRUE,-4020.45820749999,NA,TRUE,9,0.0747597280117948,0.128518404258691,0.0462528156832697,431.577366828918,NA
61,"gamlss",TRUE,-4499.72650599823,21.0000001327254,TRUE,4,0.0763433323652032,0.143462446353365,NA,0.636368989944458,NA
61,"ours_rs_joint",TRUE,-4089.25504942579,NA,TRUE,9,0.0739660860479829,0.105621322800111,0.0707723017172081,390.072592973709,NA
62,"gamlss",TRUE,-4487.33997943149,21.0000000689718,TRUE,5,0.100130107729436,0.158832913216032,NA,1.19248104095459,NA
62,"ours_rs_joint",TRUE,-4077.45821789619,NA,TRUE,8,0.0930994213757328,0.12807858911701,0.069944569117862,372.885792016983,NA
63,"gamlss",TRUE,-4435.82298617124,21.000043832161,TRUE,4,0.0523648082168221,0.184604190825765,NA,3.19897413253784,NA
63,"ours_rs_joint",TRUE,-4030.62034812818,NA,TRUE,7,0.0285080516631284,0.091258934207403,0.0252550673929041,317.761141061783,NA
64,"gamlss",TRUE,-4393.95875302499,21.0000000374373,TRUE,5,0.0524136303114772,0.234379445185945,NA,3.26617479324341,NA
64,"ours_rs_joint",TRUE,-4052.61877016875,NA,TRUE,1,0.0404828453616913,0.214800533194562,0.0795724285671215,225.041825771332,NA
65,"gamlss",TRUE,-4340.33229688821,21.0000000623616,TRUE,4,0.105919957591841,0.160442225721893,NA,4.05529284477234,NA
65,"ours_rs_joint",TRUE,-3962.7720616732,NA,TRUE,8,0.0922352573060029,0.0764361202436415,0.0919335283852908,491.492225885391,NA
66,"gamlss",TRUE,-4418.34717603737,21.0000001161218,TRUE,5,0.116813946353209,0.171052050183307,NA,0.803372144699097,NA
66,"ours_rs_joint",TRUE,-4024.87589543175,NA,TRUE,6,0.113972007053711,0.137030909616465,0.0858481656066535,417.496699094772,NA
67,"gamlss",TRUE,-4476.3070392566,21.0000361201694,TRUE,5,0.121667788804869,0.222632664713754,NA,1.50776386260986,NA
67,"ours_rs_joint",TRUE,-4070.80653843947,NA,TRUE,8,0.121565880275393,0.213394136959945,0.0571615870856911,512.814513921738,NA
68,"gamlss",TRUE,-4482.25135393951,21.000000042616,TRUE,5,0.0540920361313084,0.154316389624298,NA,3.02436804771423,NA
68,"ours_rs_joint",TRUE,-4029.74317139271,NA,TRUE,7,0.0441528493183322,0.0957089140634545,0.0668650593127328,376.948403120041,NA
69,"gamlss",TRUE,-4270.21818023108,21.0000069182793,TRUE,5,0.0808680644084072,0.168860838007876,NA,0.901827812194824,NA
69,"ours_rs_joint",TRUE,-3887.90062792534,NA,TRUE,8,0.0747301435345454,0.0957132233832018,0.0407720839493338,374.939588069916,NA
70,"gamlss",TRUE,-4541.80413387684,21.0000000693764,TRUE,5,0.073812827452157,0.237787604655185,NA,3.33600902557373,NA
70,"ours_rs_joint",TRUE,-4112.99012710331,NA,TRUE,4,0.0711520857709791,0.137818491837772,0.0419865397750601,309.645133018494,NA
71,"gamlss",TRUE,-4411.13768229,21.0000021864191,TRUE,4,0.11032137880906,0.160430416716766,NA,0.645764827728271,NA
71,"ours_rs_joint",TRUE,-4012.44666775304,NA,TRUE,7,0.106593199642521,0.0851233314953451,0.100789327848172,318.070173025131,NA
72,"gamlss",TRUE,-4462.8082437321,21.0000000369001,TRUE,4,0.0680939790101205,0.19742248842009,NA,0.652467966079712,NA
72,"ours_rs_joint",TRUE,-4068.03522038187,NA,TRUE,8,0.0575221860050269,0.145745326166796,0.057822219124897,399.284654855728,NA
73,"gamlss",TRUE,-4553.22769438763,21.0000251655401,TRUE,4,0.0825207067749971,0.195865293559181,NA,0.698538064956665,NA
73,"ours_rs_joint",TRUE,-4145.96421347079,NA,TRUE,6,0.080689666913191,0.170269908783069,0.0635438426013053,304.55561709404,NA
74,"gamlss",TRUE,-4533.54196264279,20.9999999476458,TRUE,5,0.0932261668454946,0.219565749383702,NA,2.43988990783691,NA
74,"ours_rs_joint",TRUE,-4138.54472843769,NA,TRUE,10,0.0813682349569617,0.159509937514553,0.0270515247451375,391.111289978027,NA
75,"gamlss",TRUE,-4408.59718116809,21.0000122514369,TRUE,5,0.0840924709285914,0.180701619624848,NA,3.82398700714111,NA
75,"ours_rs_joint",TRUE,-4000.13246632562,NA,TRUE,7,0.0752639005593133,0.072822674543468,0.0914916913122542,442.711180925369,NA
76,"gamlss",TRUE,-4469.63405160301,21.0000000974871,TRUE,4,0.130949930675703,0.120639576230359,NA,2.61179113388062,NA
76,"ours_rs_joint",TRUE,-4079.23622312693,NA,TRUE,8,0.124879332329318,0.069061774740613,0.054040886194479,354.178555011749,NA
77,"gamlss",TRUE,-4478.50420086845,21.0000000509025,TRUE,3,0.0837157043113456,0.148620607806274,NA,0.579693078994751,NA
77,"ours_rs_joint",TRUE,-4084.45987823704,NA,TRUE,5,0.0797202580218772,0.0838625623115683,0.0516091723665232,361.373239994049,NA
78,"gamlss",TRUE,-4492.24583071654,21.0000000245992,TRUE,5,0.10812763904636,0.141059911522633,NA,0.984802961349487,NA
78,"ours_rs_joint",TRUE,-4099.00387734749,NA,TRUE,6,0.0806018080923707,0.0919493593758387,0.0646886725327142,310.923793077469,NA
79,"gamlss",TRUE,-4431.81249350164,21.0000000664298,TRUE,4,0.0559869450403359,0.195255943421736,NA,0.662950992584229,NA
79,"ours_rs_joint",TRUE,-4022.12387051633,NA,TRUE,10,0.043456102689833,0.149905506097076,0.0573116095669189,356.205687999725,NA
80,"gamlss",TRUE,-4356.6045085549,21.0000000736904,TRUE,5,0.0338024331797964,0.108825749037405,NA,3.03702998161316,NA
80,"ours_rs_joint",TRUE,-3964.49110325315,NA,TRUE,6,0.0208162587922293,0.0983305672865949,0.0348024460937624,387.182070970535,NA
81,"gamlss",TRUE,-4489.70407564747,21.0000000354903,TRUE,5,0.076872803671577,0.158538441743854,NA,0.808388948440552,NA
81,"ours_rs_joint",TRUE,-4031.5818608485,NA,TRUE,7,0.0667907900171565,0.12451142499462,0.0528793789511922,371.772877931595,NA
82,"gamlss",TRUE,-4487.93961026802,21.0000000889985,TRUE,7,0.102096142755125,0.129874121753784,NA,5.61811685562134,NA
82,"ours_rs_joint",TRUE,-4045.58911464358,NA,TRUE,7,0.0849489632477268,0.0711252907019436,0.0395088973859666,453.199406862259,NA
83,"gamlss",TRUE,-4525.58470379363,21.0000000689673,TRUE,4,0.0893467110088973,0.158297401891435,NA,0.62164306640625,NA
83,"ours_rs_joint",TRUE,-4112.55923927661,NA,TRUE,7,0.0741164237504003,0.141882001574295,0.0660717725281457,420.178166151047,NA
84,"gamlss",TRUE,-4363.45565454922,21.0000000422808,TRUE,5,0.0751962367551486,0.170583693166352,NA,0.76517915725708,NA
84,"ours_rs_joint",TRUE,-3980.79623164146,NA,TRUE,5,0.0632518070725635,0.13665475630247,0.066654302149087,294.227123022079,NA
85,"gamlss",TRUE,-4383.09737503427,21.0000426986655,TRUE,3,0.116472377087447,0.162655810169107,NA,0.545470952987671,NA
85,"ours_rs_joint",TRUE,-3955.07283288231,NA,TRUE,9,0.106055285183017,0.133231640477281,0.058363098476127,374.928964853287,NA
86,"gamlss",TRUE,-4185.30780817677,21.0000039235374,TRUE,5,0.0595204369739875,0.162884242140356,NA,0.703816175460815,NA
86,"ours_rs_joint",TRUE,-3784.06109599344,NA,TRUE,6,0.0591251098286456,0.111678618522442,0.0763414820673699,358.123995065689,NA
87,"gamlss",TRUE,-4470.1876811284,21.0000000997047,TRUE,5,0.095295169210759,0.245380479274359,NA,4.32790613174438,NA
87,"ours_rs_joint",TRUE,-4073.04859875573,NA,TRUE,8,0.0836291055327861,0.212073677898454,0.0629612557519665,342.101171970367,NA
88,"gamlss",TRUE,-4537.98138794378,21.0000064444227,TRUE,5,0.0661798044280185,0.205558633367647,NA,2.53699707984924,NA
88,"ours_rs_joint",TRUE,-4129.93635187484,NA,TRUE,9,0.0563422885503322,0.147721883378963,0.05396950221375,392.971276044846,NA
89,"gamlss",TRUE,-4503.74255872777,21.0000000894413,TRUE,4,0.0659697699986191,0.114335638429447,NA,0.639292001724243,NA
89,"ours_rs_joint",TRUE,-4080.66879771271,NA,TRUE,12,0.0666421107363522,0.0634650242037636,0.0547606628195279,412.001472949982,NA
90,"gamlss",TRUE,-4267.61049123504,21.0000000558544,TRUE,4,0.115076496300621,0.125278474828934,NA,0.613116979598999,NA
90,"ours_rs_joint",TRUE,-3847.88944644921,NA,TRUE,6,0.116242342217866,0.050700625338534,0.0542112291288514,376.384898900986,NA
91,"gamlss",TRUE,-4406.30449494179,21.0000000847419,TRUE,5,0.0814658991599079,0.205757981816371,NA,1.19068908691406,NA
91,"ours_rs_joint",TRUE,-4015.33463478514,NA,TRUE,7,0.0794600889586794,0.167954066204861,0.0693825966149092,309.434046983719,NA
92,"gamlss",TRUE,-4443.02276685858,21.000000058129,TRUE,4,0.100419352969859,0.180779962022872,NA,0.58933687210083,NA
92,"ours_rs_joint",TRUE,-4062.83823563809,NA,TRUE,8,0.0911846886813847,0.133401779801076,0.0367719889258121,334.042258024216,NA
93,"gamlss",TRUE,-4380.37156694251,21.0000001219715,TRUE,5,0.088354167740079,0.149435232859028,NA,0.773371934890747,NA
93,"ours_rs_joint",TRUE,-3929.33785100714,NA,TRUE,7,0.0780624380595177,0.119117734114278,0.0335920184962294,458.66313290596,NA
94,"gamlss",TRUE,-4518.49302255956,21.0000000339605,TRUE,4,0.0340925257966162,0.111920400365671,NA,0.649016857147217,NA
94,"ours_rs_joint",TRUE,-4160.3245017175,NA,TRUE,8,0.0387176330986793,0.110407217855549,0.0623199887081707,359.000715970993,NA
95,"gamlss",TRUE,-4361.30729423816,21.0000135136245,TRUE,6,0.133886980952306,0.119664645874941,NA,0.781968832015991,NA
95,"ours_rs_joint",TRUE,-4021.27742260934,NA,TRUE,6,0.136556448066654,0.087735261013109,0.0876428599121809,367.677369117737,NA
96,"gamlss",TRUE,-4394.39844509336,21.0000127815398,TRUE,4,0.116095057716959,0.167449270781455,NA,0.66579794883728,NA
96,"ours_rs_joint",TRUE,-3951.02152312446,NA,TRUE,6,0.107788317855762,0.0838355978687637,0.0557455192613044,418.29349899292,NA
97,"gamlss",TRUE,-4342.74130602643,21.000040042947,TRUE,4,0.0673307111338693,0.224310590863362,NA,0.712680101394653,NA
97,"ours_rs_joint",TRUE,-3975.43665163597,NA,TRUE,6,0.048816314534697,0.203954546904863,0.0756020865937114,322.623638868332,NA
98,"gamlss",TRUE,-4502.08802190038,21.0000023942943,TRUE,4,0.0884836797878919,0.192538118629358,NA,0.650417804718018,NA
98,"ours_rs_joint",TRUE,-4125.46830528715,NA,TRUE,5,0.0849894030885307,0.0966417146046332,0.0687205705781898,311.153809070587,NA
99,"gamlss",TRUE,-4412.61923798614,21.0000000864362,TRUE,4,0.0912601431697483,0.280807186487017,NA,0.659363985061646,NA
99,"ours_rs_joint",TRUE,-4022.12269671154,NA,TRUE,5,0.0830648081599038,0.0741727778016447,0.0437912823847181,336.907510042191,NA
100,"gamlss",TRUE,-4384.20171143079,21.0000000256454,TRUE,5,0.0787315719200263,0.235273680274663,NA,0.682333946228027,NA
100,"ours_rs_joint",TRUE,-3933.29143185943,NA,TRUE,7,0.0750343626652808,0.168625630504571,0.0353385461569317,422.388565063477,NA
