"scenario","model","n","d","parameter","rep","bias_abs_integrated","irmse"
"n500_d4_nbi_signal2","gamlss",500,4,"mu",1,0.0582151458610069,0.0699405957251297
"n500_d4_nbi_signal2","ours_rs_joint",500,4,"mu",1,0.0481006608267996,0.0568769761469942
"n500_d4_nbi_signal2","gamlss",500,4,"mu",2,0.0419153979847407,0.0454061389955468
"n500_d4_nbi_signal2","ours_rs_joint",500,4,"mu",2,0.0358185708884558,0.0397285725893879
"n500_d4_nbi_signal2","gamlss",500,4,"mu",3,0.0841280975685833,0.105832780677087
"n500_d4_nbi_signal2","ours_rs_joint",500,4,"mu",3,0.0839405306852261,0.10049680619487
"n500_d4_nbi_signal2","gamlss",500,4,"mu",4,0.0271039480878141,0.0364556946879634
"n500_d4_nbi_signal2","ours_rs_joint",500,4,"mu",4,0.027392891729021,0.037272098663708
"n500_d4_nbi_signal2","gamlss",500,4,"mu",5,0.0452711020543,0.0534355088605367
"n500_d4_nbi_signal2","ours_rs_joint",500,4,"mu",5,0.039086633559845,0.0446897385816623
"n500_d4_nbi_signal2","gamlss",500,4,"mu",6,0.0531149593531251,0.0655548212521054
"n500_d4_nbi_signal2","ours_rs_joint",500,4,"mu",6,0.0468114194286537,0.0508191839512039
"n500_d4_nbi_signal2","gamlss",500,4,"mu",7,0.0498255923319835,0.070227095029584
"n500_d4_nbi_signal2","ours_rs_joint",500,4,"mu",7,0.0562155574576159,0.0721177291501532
"n500_d4_nbi_signal2","gamlss",500,4,"mu",8,0.0654060710993394,0.0794413004395788
"n500_d4_nbi_signal2","ours_rs_joint",500,4,"mu",8,0.0564976001943326,0.0626514304529527
"n500_d4_nbi_signal2","gamlss",500,4,"mu",9,0.0476425694934037,0.0560305654805514
"n500_d4_nbi_signal2","ours_rs_joint",500,4,"mu",9,0.0179158865581548,0.0219226686448697
"n500_d4_nbi_signal2","gamlss",500,4,"mu",10,0.0848626882305327,0.104594679371195
"n500_d4_nbi_signal2","ours_rs_joint",500,4,"mu",10,0.0879666073462558,0.10291086256124
"n500_d4_nbi_signal2","gamlss",500,4,"mu",11,0.074410302301897,0.121976711463711
"n500_d4_nbi_signal2","ours_rs_joint",500,4,"mu",11,0.0523366003683293,0.0902276772482913
"n500_d4_nbi_signal2","gamlss",500,4,"mu",12,0.05707766746611,0.0691631863386105
"n500_d4_nbi_signal2","ours_rs_joint",500,4,"mu",12,0.0666420851478561,0.0794623947552434
"n500_d4_nbi_signal2","gamlss",500,4,"mu",13,0.0513346592512166,0.0642125776032532
"n500_d4_nbi_signal2","ours_rs_joint",500,4,"mu",13,0.0541169213186486,0.0622631257743603
"n500_d4_nbi_signal2","gamlss",500,4,"mu",14,0.0721427737551362,0.0816155961805302
"n500_d4_nbi_signal2","ours_rs_joint",500,4,"mu",14,0.0780497133765599,0.0864016057590539
"n500_d4_nbi_signal2","gamlss",500,4,"mu",15,0.0346552815639776,0.0427267869284707
"n500_d4_nbi_signal2","ours_rs_joint",500,4,"mu",15,0.0356834540130807,0.0406025099682768
"n500_d4_nbi_signal2","gamlss",500,4,"mu",16,0.0635701741458871,0.0873403913841949
"n500_d4_nbi_signal2","ours_rs_joint",500,4,"mu",16,0.0446677453634577,0.0667380613295317
"n500_d4_nbi_signal2","gamlss",500,4,"mu",17,0.0823282450996762,0.103950987937077
"n500_d4_nbi_signal2","ours_rs_joint",500,4,"mu",17,0.0736476177639791,0.0908268366079182
"n500_d4_nbi_signal2","gamlss",500,4,"mu",18,0.0517679406124186,0.0655144081331667
"n500_d4_nbi_signal2","ours_rs_joint",500,4,"mu",18,0.0498508773564621,0.0633570785439728
"n500_d4_nbi_signal2","gamlss",500,4,"mu",19,0.0526357647429066,0.0650204579601677
"n500_d4_nbi_signal2","ours_rs_joint",500,4,"mu",19,0.0347556985260374,0.0403296572091563
"n500_d4_nbi_signal2","gamlss",500,4,"mu",20,0.0491344610250748,0.0566234559651561
"n500_d4_nbi_signal2","ours_rs_joint",500,4,"mu",20,0.0270127197611528,0.0333568408497764
"n500_d4_nbi_signal2","gamlss",500,4,"mu",21,0.0519728683561301,0.0630940546234843
"n500_d4_nbi_signal2","ours_rs_joint",500,4,"mu",21,0.0418455472053316,0.0496655702379097
"n500_d4_nbi_signal2","gamlss",500,4,"mu",22,0.0728231337018702,0.081453641744557
"n500_d4_nbi_signal2","ours_rs_joint",500,4,"mu",22,0.0691484832064646,0.0784533036417418
"n500_d4_nbi_signal2","gamlss",500,4,"mu",23,0.0816107913806505,0.0915891950135977
"n500_d4_nbi_signal2","ours_rs_joint",500,4,"mu",23,0.0594794053415836,0.072936792956997
"n500_d4_nbi_signal2","gamlss",500,4,"mu",24,0.0741213660576985,0.10305395259411
"n500_d4_nbi_signal2","ours_rs_joint",500,4,"mu",24,0.0624263423650716,0.088108451611661
"n500_d4_nbi_signal2","gamlss",500,4,"mu",25,0.0290441399253603,0.0407841285114541
"n500_d4_nbi_signal2","ours_rs_joint",500,4,"mu",25,0.0299160809892495,0.0401905664819618
"n500_d4_nbi_signal2","gamlss",500,4,"mu",26,0.0479337086719035,0.0579363094111188
"n500_d4_nbi_signal2","ours_rs_joint",500,4,"mu",26,0.046739434502701,0.055945796384591
"n500_d4_nbi_signal2","gamlss",500,4,"mu",27,0.0599736100822136,0.0826228361855551
"n500_d4_nbi_signal2","ours_rs_joint",500,4,"mu",27,0.0638738790473538,0.0848904586833337
"n500_d4_nbi_signal2","gamlss",500,4,"mu",28,0.0594803746308581,0.0757626167444877
"n500_d4_nbi_signal2","ours_rs_joint",500,4,"mu",28,0.0578203429196988,0.0672972097353962
"n500_d4_nbi_signal2","gamlss",500,4,"mu",29,0.0759113168883133,0.0862585437185234
"n500_d4_nbi_signal2","ours_rs_joint",500,4,"mu",29,0.0563215632632932,0.0650534517386693
"n500_d4_nbi_signal2","gamlss",500,4,"mu",30,0.0527702709528276,0.0624556755145475
"n500_d4_nbi_signal2","ours_rs_joint",500,4,"mu",30,0.0397981416754461,0.0600581375610489
"n500_d4_nbi_signal2","gamlss",500,4,"mu",31,0.0606706312352377,0.074596005506274
"n500_d4_nbi_signal2","ours_rs_joint",500,4,"mu",31,0.053601006548184,0.0649539824969663
"n500_d4_nbi_signal2","gamlss",500,4,"mu",32,0.0663291176503903,0.0727504237121732
"n500_d4_nbi_signal2","ours_rs_joint",500,4,"mu",32,0.0583892962782143,0.0645935657589106
"n500_d4_nbi_signal2","gamlss",500,4,"mu",33,0.0616997310949667,0.070045858346413
"n500_d4_nbi_signal2","ours_rs_joint",500,4,"mu",33,0.0644495513055578,0.0734749793676258
"n500_d4_nbi_signal2","gamlss",500,4,"mu",34,0.0497907237681163,0.0600384760445521
"n500_d4_nbi_signal2","ours_rs_joint",500,4,"mu",34,0.0388417570624625,0.0434436444227095
"n500_d4_nbi_signal2","gamlss",500,4,"mu",35,0.0474567620041927,0.0534818560593065
"n500_d4_nbi_signal2","ours_rs_joint",500,4,"mu",35,0.0414664467250206,0.0479223308592687
"n500_d4_nbi_signal2","gamlss",500,4,"mu",36,0.11689482878919,0.143270353641248
"n500_d4_nbi_signal2","ours_rs_joint",500,4,"mu",36,0.0997397444184236,0.124660351126498
"n500_d4_nbi_signal2","gamlss",500,4,"mu",37,0.0588025575490769,0.0781621850258628
"n500_d4_nbi_signal2","ours_rs_joint",500,4,"mu",37,0.0368518365650245,0.0571716251378502
"n500_d4_nbi_signal2","gamlss",500,4,"mu",38,0.0706349675253337,0.0848572934736571
"n500_d4_nbi_signal2","ours_rs_joint",500,4,"mu",38,0.0594485757895001,0.0734546116037226
"n500_d4_nbi_signal2","gamlss",500,4,"mu",39,0.0917997836870435,0.114486017427404
"n500_d4_nbi_signal2","ours_rs_joint",500,4,"mu",39,0.071261298965616,0.0848886413442269
"n500_d4_nbi_signal2","gamlss",500,4,"mu",40,0.0705390342067004,0.0902478738975436
"n500_d4_nbi_signal2","ours_rs_joint",500,4,"mu",40,0.0669719183762228,0.0852587982844229
"n500_d4_nbi_signal2","gamlss",500,4,"mu",41,0.0612382430436709,0.0748793542837463
"n500_d4_nbi_signal2","ours_rs_joint",500,4,"mu",41,0.061577111754992,0.0746810052253331
"n500_d4_nbi_signal2","gamlss",500,4,"mu",42,0.0591093620368415,0.0652007041571257
"n500_d4_nbi_signal2","ours_rs_joint",500,4,"mu",42,0.0530982641946959,0.0598592833065134
"n500_d4_nbi_signal2","gamlss",500,4,"mu",43,0.0195915378824439,0.0233703626844246
"n500_d4_nbi_signal2","ours_rs_joint",500,4,"mu",43,0.0141927541222115,0.0175892449402654
"n500_d4_nbi_signal2","gamlss",500,4,"mu",44,0.0658021907764086,0.0856206031707357
"n500_d4_nbi_signal2","ours_rs_joint",500,4,"mu",44,0.0615040032777174,0.086770698182559
"n500_d4_nbi_signal2","gamlss",500,4,"mu",45,0.0462149600107055,0.0611319284118671
"n500_d4_nbi_signal2","ours_rs_joint",500,4,"mu",45,0.0430486365950538,0.0582900368127303
"n500_d4_nbi_signal2","gamlss",500,4,"mu",46,0.0585909882595755,0.0711441413940804
"n500_d4_nbi_signal2","ours_rs_joint",500,4,"mu",46,0.0536876396258316,0.0645335579804413
"n500_d4_nbi_signal2","gamlss",500,4,"mu",47,0.0749602566237338,0.0881934846909164
"n500_d4_nbi_signal2","ours_rs_joint",500,4,"mu",47,0.0745444040801595,0.0874863036664617
"n500_d4_nbi_signal2","gamlss",500,4,"mu",48,0.0542443557651772,0.0694236444900698
"n500_d4_nbi_signal2","ours_rs_joint",500,4,"mu",48,0.0389071034560765,0.048187483092092
"n500_d4_nbi_signal2","gamlss",500,4,"mu",49,0.0663682106672462,0.0746196386628594
"n500_d4_nbi_signal2","ours_rs_joint",500,4,"mu",49,0.0502084815953659,0.0636695986511563
"n500_d4_nbi_signal2","gamlss",500,4,"mu",50,0.0778619697019592,0.0963187045099443
"n500_d4_nbi_signal2","ours_rs_joint",500,4,"mu",50,0.0779517133581479,0.0930985365414202
"n500_d4_nbi_signal2","gamlss",500,4,"mu",51,0.0729851279856994,0.0894087179058771
"n500_d4_nbi_signal2","ours_rs_joint",500,4,"mu",51,0.0596530316092359,0.0754161255268506
"n500_d4_nbi_signal2","gamlss",500,4,"mu",52,0.0466187527254192,0.0556252365218217
"n500_d4_nbi_signal2","ours_rs_joint",500,4,"mu",52,0.0459422212212264,0.056598802207404
"n500_d4_nbi_signal2","gamlss",500,4,"mu",53,0.0733812366521872,0.0921549996851889
"n500_d4_nbi_signal2","ours_rs_joint",500,4,"mu",53,0.0788541563295503,0.0897619820299893
"n500_d4_nbi_signal2","gamlss",500,4,"mu",54,0.074240062677948,0.0879003757390179
"n500_d4_nbi_signal2","ours_rs_joint",500,4,"mu",54,0.0589268501870928,0.0719394181411692
"n500_d4_nbi_signal2","gamlss",500,4,"mu",55,0.0618419397484378,0.0778655663662224
"n500_d4_nbi_signal2","ours_rs_joint",500,4,"mu",55,0.0497487821456285,0.063697020168677
"n500_d4_nbi_signal2","gamlss",500,4,"mu",56,0.0469081535381994,0.0583719911082753
"n500_d4_nbi_signal2","ours_rs_joint",500,4,"mu",56,0.0273619431089284,0.036452119356559
"n500_d4_nbi_signal2","gamlss",500,4,"mu",57,0.0584853979053738,0.069666473794369
"n500_d4_nbi_signal2","ours_rs_joint",500,4,"mu",57,0.0293708152427149,0.0393593862135307
"n500_d4_nbi_signal2","gamlss",500,4,"mu",58,0.0586135710066473,0.0699064825527012
"n500_d4_nbi_signal2","ours_rs_joint",500,4,"mu",58,0.0452085390769723,0.0558881689684597
"n500_d4_nbi_signal2","gamlss",500,4,"mu",59,0.0482625494143195,0.0555568846042166
"n500_d4_nbi_signal2","ours_rs_joint",500,4,"mu",59,0.0239349086568863,0.033390875761768
"n500_d4_nbi_signal2","gamlss",500,4,"mu",60,0.0827853811282666,0.0947371742246618
"n500_d4_nbi_signal2","ours_rs_joint",500,4,"mu",60,0.0641251859358098,0.0747597280117948
"n500_d4_nbi_signal2","gamlss",500,4,"mu",61,0.068848145904141,0.0763433323652032
"n500_d4_nbi_signal2","ours_rs_joint",500,4,"mu",61,0.0641171643115731,0.0739660860479829
"n500_d4_nbi_signal2","gamlss",500,4,"mu",62,0.0791691673939471,0.100130107729436
"n500_d4_nbi_signal2","ours_rs_joint",500,4,"mu",62,0.0783205745130459,0.0930994213757328
"n500_d4_nbi_signal2","gamlss",500,4,"mu",63,0.0438756853227887,0.0523648082168221
"n500_d4_nbi_signal2","ours_rs_joint",500,4,"mu",63,0.0201321400731927,0.0285080516631284
"n500_d4_nbi_signal2","gamlss",500,4,"mu",64,0.0426728121966622,0.0524136303114772
"n500_d4_nbi_signal2","ours_rs_joint",500,4,"mu",64,0.0320099259066194,0.0404828453616913
"n500_d4_nbi_signal2","gamlss",500,4,"mu",65,0.0896490413408041,0.105919957591841
"n500_d4_nbi_signal2","ours_rs_joint",500,4,"mu",65,0.0781058972618367,0.0922352573060029
"n500_d4_nbi_signal2","gamlss",500,4,"mu",66,0.0962034222044483,0.116813946353209
"n500_d4_nbi_signal2","ours_rs_joint",500,4,"mu",66,0.0953601045329437,0.113972007053711
"n500_d4_nbi_signal2","gamlss",500,4,"mu",67,0.102083078061667,0.121667788804869
"n500_d4_nbi_signal2","ours_rs_joint",500,4,"mu",67,0.0985585472124604,0.121565880275393
"n500_d4_nbi_signal2","gamlss",500,4,"mu",68,0.0466636637040018,0.0540920361313084
"n500_d4_nbi_signal2","ours_rs_joint",500,4,"mu",68,0.038012851781846,0.0441528493183322
"n500_d4_nbi_signal2","gamlss",500,4,"mu",69,0.06791221133995,0.0808680644084072
"n500_d4_nbi_signal2","ours_rs_joint",500,4,"mu",69,0.0646393001209262,0.0747301435345454
"n500_d4_nbi_signal2","gamlss",500,4,"mu",70,0.0521205888952968,0.073812827452157
"n500_d4_nbi_signal2","ours_rs_joint",500,4,"mu",70,0.0522442164579543,0.0711520857709791
"n500_d4_nbi_signal2","gamlss",500,4,"mu",71,0.0737865564730608,0.11032137880906
"n500_d4_nbi_signal2","ours_rs_joint",500,4,"mu",71,0.0732030276212383,0.106593199642521
"n500_d4_nbi_signal2","gamlss",500,4,"mu",72,0.0510216569526437,0.0680939790101205
"n500_d4_nbi_signal2","ours_rs_joint",500,4,"mu",72,0.0472847784333285,0.0575221860050269
"n500_d4_nbi_signal2","gamlss",500,4,"mu",73,0.0610657799079671,0.0825207067749971
"n500_d4_nbi_signal2","ours_rs_joint",500,4,"mu",73,0.0603280055065799,0.080689666913191
"n500_d4_nbi_signal2","gamlss",500,4,"mu",74,0.0869975883227348,0.0932261668454946
"n500_d4_nbi_signal2","ours_rs_joint",500,4,"mu",74,0.0720822531010823,0.0813682349569617
"n500_d4_nbi_signal2","gamlss",500,4,"mu",75,0.0699659471642656,0.0840924709285914
"n500_d4_nbi_signal2","ours_rs_joint",500,4,"mu",75,0.0613721378471771,0.0752639005593133
"n500_d4_nbi_signal2","gamlss",500,4,"mu",76,0.104463729297253,0.130949930675703
"n500_d4_nbi_signal2","ours_rs_joint",500,4,"mu",76,0.100327207692885,0.124879332329318
"n500_d4_nbi_signal2","gamlss",500,4,"mu",77,0.0645049615643262,0.0837157043113456
"n500_d4_nbi_signal2","ours_rs_joint",500,4,"mu",77,0.0587062965461401,0.0797202580218772
"n500_d4_nbi_signal2","gamlss",500,4,"mu",78,0.0915649428469289,0.10812763904636
"n500_d4_nbi_signal2","ours_rs_joint",500,4,"mu",78,0.0632516646706755,0.0806018080923707
"n500_d4_nbi_signal2","gamlss",500,4,"mu",79,0.0417893981656826,0.0559869450403359
"n500_d4_nbi_signal2","ours_rs_joint",500,4,"mu",79,0.0315440921975551,0.043456102689833
"n500_d4_nbi_signal2","gamlss",500,4,"mu",80,0.0277117329142357,0.0338024331797964
"n500_d4_nbi_signal2","ours_rs_joint",500,4,"mu",80,0.015656575491119,0.0208162587922293
"n500_d4_nbi_signal2","gamlss",500,4,"mu",81,0.0631401150672943,0.076872803671577
"n500_d4_nbi_signal2","ours_rs_joint",500,4,"mu",81,0.0555839439374395,0.0667907900171565
"n500_d4_nbi_signal2","gamlss",500,4,"mu",82,0.0848628901174722,0.102096142755125
"n500_d4_nbi_signal2","ours_rs_joint",500,4,"mu",82,0.0749471188776934,0.0849489632477268
"n500_d4_nbi_signal2","gamlss",500,4,"mu",83,0.0693926757353875,0.0893467110088973
"n500_d4_nbi_signal2","ours_rs_joint",500,4,"mu",83,0.055843609639323,0.0741164237504003
"n500_d4_nbi_signal2","gamlss",500,4,"mu",84,0.0600260636413255,0.0751962367551486
"n500_d4_nbi_signal2","ours_rs_joint",500,4,"mu",84,0.0544524862816215,0.0632518070725635
"n500_d4_nbi_signal2","gamlss",500,4,"mu",85,0.0936306160712203,0.116472377087447
"n500_d4_nbi_signal2","ours_rs_joint",500,4,"mu",85,0.0908305763526554,0.106055285183017
"n500_d4_nbi_signal2","gamlss",500,4,"mu",86,0.0515686888848832,0.0595204369739875
"n500_d4_nbi_signal2","ours_rs_joint",500,4,"mu",86,0.0527762125421787,0.0591251098286456
"n500_d4_nbi_signal2","gamlss",500,4,"mu",87,0.0705985051584069,0.095295169210759
"n500_d4_nbi_signal2","ours_rs_joint",500,4,"mu",87,0.0613246607209575,0.0836291055327861
"n500_d4_nbi_signal2","gamlss",500,4,"mu",88,0.0483670808897806,0.0661798044280185
"n500_d4_nbi_signal2","ours_rs_joint",500,4,"mu",88,0.0457093650175581,0.0563422885503322
"n500_d4_nbi_signal2","gamlss",500,4,"mu",89,0.048242026660854,0.0659697699986191
"n500_d4_nbi_signal2","ours_rs_joint",500,4,"mu",89,0.0543385209842662,0.0666421107363522
"n500_d4_nbi_signal2","gamlss",500,4,"mu",90,0.0872715129300302,0.115076496300621
"n500_d4_nbi_signal2","ours_rs_joint",500,4,"mu",90,0.0917254693695414,0.116242342217866
"n500_d4_nbi_signal2","gamlss",500,4,"mu",91,0.0702468518217871,0.0814658991599079
"n500_d4_nbi_signal2","ours_rs_joint",500,4,"mu",91,0.0681912638684402,0.0794600889586794
"n500_d4_nbi_signal2","gamlss",500,4,"mu",92,0.0794384702594233,0.100419352969859
"n500_d4_nbi_signal2","ours_rs_joint",500,4,"mu",92,0.0687585871312664,0.0911846886813847
"n500_d4_nbi_signal2","gamlss",500,4,"mu",93,0.0638476759452887,0.088354167740079
"n500_d4_nbi_signal2","ours_rs_joint",500,4,"mu",93,0.0545660560603004,0.0780624380595177
"n500_d4_nbi_signal2","gamlss",500,4,"mu",94,0.027934222276348,0.0340925257966162
"n500_d4_nbi_signal2","ours_rs_joint",500,4,"mu",94,0.0332483678542159,0.0387176330986793
"n500_d4_nbi_signal2","gamlss",500,4,"mu",95,0.121232961381799,0.133886980952306
"n500_d4_nbi_signal2","ours_rs_joint",500,4,"mu",95,0.123676320455916,0.136556448066654
"n500_d4_nbi_signal2","gamlss",500,4,"mu",96,0.0821813705706105,0.116095057716959
"n500_d4_nbi_signal2","ours_rs_joint",500,4,"mu",96,0.0775055146136397,0.107788317855762
"n500_d4_nbi_signal2","gamlss",500,4,"mu",97,0.0550125459257555,0.0673307111338693
"n500_d4_nbi_signal2","ours_rs_joint",500,4,"mu",97,0.0431942723869535,0.048816314534697
"n500_d4_nbi_signal2","gamlss",500,4,"mu",98,0.0725570039311605,0.0884836797878919
"n500_d4_nbi_signal2","ours_rs_joint",500,4,"mu",98,0.070395747810155,0.0849894030885307
"n500_d4_nbi_signal2","gamlss",500,4,"mu",99,0.0740888674904467,0.0912601431697483
"n500_d4_nbi_signal2","ours_rs_joint",500,4,"mu",99,0.0690868896682855,0.0830648081599038
"n500_d4_nbi_signal2","gamlss",500,4,"mu",100,0.0659869043726188,0.0787315719200263
"n500_d4_nbi_signal2","ours_rs_joint",500,4,"mu",100,0.0584527323848437,0.0750343626652808
"n500_d4_nbi_signal2","gamlss",500,4,"sigma",1,0.0910607579906574,0.107197008606255
"n500_d4_nbi_signal2","ours_rs_joint",500,4,"sigma",1,0.0654764731173816,0.0752724976508539
"n500_d4_nbi_signal2","gamlss",500,4,"sigma",2,0.0671492626961085,0.0946415521110199
"n500_d4_nbi_signal2","ours_rs_joint",500,4,"sigma",2,0.0585831928832136,0.073736097946284
"n500_d4_nbi_signal2","gamlss",500,4,"sigma",3,0.0867529062142936,0.113428869906927
"n500_d4_nbi_signal2","ours_rs_joint",500,4,"sigma",3,0.0570273082286527,0.0845878004739963
"n500_d4_nbi_signal2","gamlss",500,4,"sigma",4,0.187874683957438,0.241689372834993
"n500_d4_nbi_signal2","ours_rs_joint",500,4,"sigma",4,0.190613634388488,0.220989084594207
"n500_d4_nbi_signal2","gamlss",500,4,"sigma",5,0.133924284143889,0.169533289825378
"n500_d4_nbi_signal2","ours_rs_joint",500,4,"sigma",5,0.086954578069208,0.126147919640374
"n500_d4_nbi_signal2","gamlss",500,4,"sigma",6,0.171054007218822,0.216574309234298
"n500_d4_nbi_signal2","ours_rs_joint",500,4,"sigma",6,0.0667925474486852,0.0790548237610686
"n500_d4_nbi_signal2","gamlss",500,4,"sigma",7,0.113563714962357,0.127958331145241
"n500_d4_nbi_signal2","ours_rs_joint",500,4,"sigma",7,0.0821396519828842,0.103745117860319
"n500_d4_nbi_signal2","gamlss",500,4,"sigma",8,0.157129950349949,0.192503594291332
"n500_d4_nbi_signal2","ours_rs_joint",500,4,"sigma",8,0.0971253141611092,0.117309050160425
"n500_d4_nbi_signal2","gamlss",500,4,"sigma",9,0.108076823383713,0.117307339292901
"n500_d4_nbi_signal2","ours_rs_joint",500,4,"sigma",9,0.0633129631857049,0.071515845753763
"n500_d4_nbi_signal2","gamlss",500,4,"sigma",10,0.149340833128279,0.18400518077471
"n500_d4_nbi_signal2","ours_rs_joint",500,4,"sigma",10,0.132242000048953,0.153469702746406
"n500_d4_nbi_signal2","gamlss",500,4,"sigma",11,0.118791532394589,0.163300462446726
"n500_d4_nbi_signal2","ours_rs_joint",500,4,"sigma",11,0.0970106423065163,0.131401577885715
"n500_d4_nbi_signal2","gamlss",500,4,"sigma",12,0.0953631194499464,0.121323264768447
"n500_d4_nbi_signal2","ours_rs_joint",500,4,"sigma",12,0.0874128094942833,0.110366204856541
"n500_d4_nbi_signal2","gamlss",500,4,"sigma",13,0.141086673719897,0.160090563404027
"n500_d4_nbi_signal2","ours_rs_joint",500,4,"sigma",13,0.0956014962500853,0.106590977839171
"n500_d4_nbi_signal2","gamlss",500,4,"sigma",14,0.0900969763162842,0.117243906784506
"n500_d4_nbi_signal2","ours_rs_joint",500,4,"sigma",14,0.0856752093963986,0.0993171843464303
"n500_d4_nbi_signal2","gamlss",500,4,"sigma",15,0.153238568810765,0.18898330436516
"n500_d4_nbi_signal2","ours_rs_joint",500,4,"sigma",15,0.135442760955782,0.168404197822407
"n500_d4_nbi_signal2","gamlss",500,4,"sigma",16,0.183832982263036,0.249574114402888
"n500_d4_nbi_signal2","ours_rs_joint",500,4,"sigma",16,0.127089633449498,0.166152872515176
"n500_d4_nbi_signal2","gamlss",500,4,"sigma",17,0.110742661597207,0.135085746056391
"n500_d4_nbi_signal2","ours_rs_joint",500,4,"sigma",17,0.0714104558322227,0.087266377727309
"n500_d4_nbi_signal2","gamlss",500,4,"sigma",18,0.137749550155715,0.191605378427204
"n500_d4_nbi_signal2","ours_rs_joint",500,4,"sigma",18,0.0575344850428525,0.0836681988748677
"n500_d4_nbi_signal2","gamlss",500,4,"sigma",19,0.156273076825478,0.184897922811683
"n500_d4_nbi_signal2","ours_rs_joint",500,4,"sigma",19,0.12582841525763,0.165597182126409
"n500_d4_nbi_signal2","gamlss",500,4,"sigma",20,0.189396719010583,0.213653580323905
"n500_d4_nbi_signal2","ours_rs_joint",500,4,"sigma",20,0.196895616819557,0.228349228017749
"n500_d4_nbi_signal2","gamlss",500,4,"sigma",21,0.131121570967024,0.155449606767758
"n500_d4_nbi_signal2","ours_rs_joint",500,4,"sigma",21,0.0947589285699799,0.111590460656541
"n500_d4_nbi_signal2","gamlss",500,4,"sigma",22,0.202774616987237,0.24741461029747
"n500_d4_nbi_signal2","ours_rs_joint",500,4,"sigma",22,0.183647559729706,0.23789101129481
"n500_d4_nbi_signal2","gamlss",500,4,"sigma",23,0.225335576287661,0.250958483771091
"n500_d4_nbi_signal2","ours_rs_joint",500,4,"sigma",23,0.239015470953793,0.274972722523633
"n500_d4_nbi_signal2","gamlss",500,4,"sigma",24,0.189175045089443,0.225301511006476
"n500_d4_nbi_signal2","ours_rs_joint",500,4,"sigma",24,0.11115361237489,0.124188201763877
"n500_d4_nbi_signal2","gamlss",500,4,"sigma",25,0.0748847313742167,0.0941380016736824
"n500_d4_nbi_signal2","ours_rs_joint",500,4,"sigma",25,0.0683910829821863,0.0856471036431598
"n500_d4_nbi_signal2","gamlss",500,4,"sigma",26,0.0461422925210132,0.0556087005167156
"n500_d4_nbi_signal2","ours_rs_joint",500,4,"sigma",26,0.0518021051250944,0.0621488930420039
"n500_d4_nbi_signal2","gamlss",500,4,"sigma",27,0.163477531016369,0.18713000542842
"n500_d4_nbi_signal2","ours_rs_joint",500,4,"sigma",27,0.116955590054092,0.128051595273403
"n500_d4_nbi_signal2","gamlss",500,4,"sigma",28,0.196031558963025,0.234935760286686
"n500_d4_nbi_signal2","ours_rs_joint",500,4,"sigma",28,0.164933029135616,0.197796507059199
"n500_d4_nbi_signal2","gamlss",500,4,"sigma",29,0.164786540808529,0.235878295474873
"n500_d4_nbi_signal2","ours_rs_joint",500,4,"sigma",29,0.153995159726069,0.211903885200126
"n500_d4_nbi_signal2","gamlss",500,4,"sigma",30,0.115590673604753,0.138164597624155
"n500_d4_nbi_signal2","ours_rs_joint",500,4,"sigma",30,0.0460913111837938,0.0524481548533133
"n500_d4_nbi_signal2","gamlss",500,4,"sigma",31,0.0905333229683065,0.11793685126238
"n500_d4_nbi_signal2","ours_rs_joint",500,4,"sigma",31,0.0556174820994824,0.0653466399371159
"n500_d4_nbi_signal2","gamlss",500,4,"sigma",32,0.129732981082361,0.161008722260023
"n500_d4_nbi_signal2","ours_rs_joint",500,4,"sigma",32,0.0869173773932797,0.117836698247579
"n500_d4_nbi_signal2","gamlss",500,4,"sigma",33,0.142458299390402,0.168357760508594
"n500_d4_nbi_signal2","ours_rs_joint",500,4,"sigma",33,0.0969971574772683,0.120756749921754
"n500_d4_nbi_signal2","gamlss",500,4,"sigma",34,0.113419366371651,0.141786832570309
"n500_d4_nbi_signal2","ours_rs_joint",500,4,"sigma",34,0.079855390805802,0.108439067720946
"n500_d4_nbi_signal2","gamlss",500,4,"sigma",35,0.14758656587329,0.168431746710861
"n500_d4_nbi_signal2","ours_rs_joint",500,4,"sigma",35,0.0806855819398805,0.0946150816597331
"n500_d4_nbi_signal2","gamlss",500,4,"sigma",36,0.102296671766149,0.136618806688586
"n500_d4_nbi_signal2","ours_rs_joint",500,4,"sigma",36,0.0541580478910552,0.0688075795954362
"n500_d4_nbi_signal2","gamlss",500,4,"sigma",37,0.144544720789527,0.196114408464509
"n500_d4_nbi_signal2","ours_rs_joint",500,4,"sigma",37,0.116868371636516,0.151512844606239
"n500_d4_nbi_signal2","gamlss",500,4,"sigma",38,0.107935923253939,0.140779081357769
"n500_d4_nbi_signal2","ours_rs_joint",500,4,"sigma",38,0.080391172693029,0.11247913658717
"n500_d4_nbi_signal2","gamlss",500,4,"sigma",39,0.129772771343197,0.157035138223271
"n500_d4_nbi_signal2","ours_rs_joint",500,4,"sigma",39,0.0828737912929548,0.0980164642428419
"n500_d4_nbi_signal2","gamlss",500,4,"sigma",40,0.109500503292863,0.140148587049098
"n500_d4_nbi_signal2","ours_rs_joint",500,4,"sigma",40,0.0781550063224447,0.0917896360600992
"n500_d4_nbi_signal2","gamlss",500,4,"sigma",41,0.135780208189422,0.15824995750765
"n500_d4_nbi_signal2","ours_rs_joint",500,4,"sigma",41,0.0846663977174019,0.114093987332936
"n500_d4_nbi_signal2","gamlss",500,4,"sigma",42,0.175328019947585,0.198519566899781
"n500_d4_nbi_signal2","ours_rs_joint",500,4,"sigma",42,0.0567181702035683,0.0758875467455673
"n500_d4_nbi_signal2","gamlss",500,4,"sigma",43,0.231117863224984,0.272666380783976
"n500_d4_nbi_signal2","ours_rs_joint",500,4,"sigma",43,0.197683335607904,0.250056639223498
"n500_d4_nbi_signal2","gamlss",500,4,"sigma",44,0.0745359073083325,0.0879082593650856
"n500_d4_nbi_signal2","ours_rs_joint",500,4,"sigma",44,0.0414730306337055,0.0546561104329999
"n500_d4_nbi_signal2","gamlss",500,4,"sigma",45,0.122354412136866,0.140592763059276
"n500_d4_nbi_signal2","ours_rs_joint",500,4,"sigma",45,0.0987161703726532,0.121188601150665
"n500_d4_nbi_signal2","gamlss",500,4,"sigma",46,0.188381020756312,0.235991885627352
"n500_d4_nbi_signal2","ours_rs_joint",500,4,"sigma",46,0.0934355429438205,0.108307847976429
"n500_d4_nbi_signal2","gamlss",500,4,"sigma",47,0.150276359066287,0.18938945794682
"n500_d4_nbi_signal2","ours_rs_joint",500,4,"sigma",47,0.126449729969541,0.151962292027793
"n500_d4_nbi_signal2","gamlss",500,4,"sigma",48,0.123703352714034,0.138999068196162
"n500_d4_nbi_signal2","ours_rs_joint",500,4,"sigma",48,0.0756201460463093,0.0932533180174246
"n500_d4_nbi_signal2","gamlss",500,4,"sigma",49,0.0910770732271157,0.108819605314024
"n500_d4_nbi_signal2","ours_rs_joint",500,4,"sigma",49,0.0466179193502488,0.0507593808054774
"n500_d4_nbi_signal2","gamlss",500,4,"sigma",50,0.107989544949315,0.126336150575181
"n500_d4_nbi_signal2","ours_rs_joint",500,4,"sigma",50,0.0321751153179405,0.0394654559335852
"n500_d4_nbi_signal2","gamlss",500,4,"sigma",51,0.186742729149137,0.213416553392772
"n500_d4_nbi_signal2","ours_rs_joint",500,4,"sigma",51,0.156980784211612,0.182661299826602
"n500_d4_nbi_signal2","gamlss",500,4,"sigma",52,0.229608107430189,0.278231644200418
"n500_d4_nbi_signal2","ours_rs_joint",500,4,"sigma",52,0.20342933499323,0.23067911832233
"n500_d4_nbi_signal2","gamlss",500,4,"sigma",53,0.196534335072784,0.247559410258108
"n500_d4_nbi_signal2","ours_rs_joint",500,4,"sigma",53,0.148257675558686,0.163196399646825
"n500_d4_nbi_signal2","gamlss",500,4,"sigma",54,0.139817187903821,0.160846880086864
"n500_d4_nbi_signal2","ours_rs_joint",500,4,"sigma",54,0.0814787915428902,0.0956346313923147
"n500_d4_nbi_signal2","gamlss",500,4,"sigma",55,0.109902368223986,0.118688187026496
"n500_d4_nbi_signal2","ours_rs_joint",500,4,"sigma",55,0.0911965701532026,0.103052800835096
"n500_d4_nbi_signal2","gamlss",500,4,"sigma",56,0.259981897595058,0.35842084548601
"n500_d4_nbi_signal2","ours_rs_joint",500,4,"sigma",56,0.142570371004056,0.200760776755088
"n500_d4_nbi_signal2","gamlss",500,4,"sigma",57,0.15405549956602,0.181912183728947
"n500_d4_nbi_signal2","ours_rs_joint",500,4,"sigma",57,0.0915817630869517,0.101177082436363
"n500_d4_nbi_signal2","gamlss",500,4,"sigma",58,0.0947539327935427,0.111200415921828
"n500_d4_nbi_signal2","ours_rs_joint",500,4,"sigma",58,0.0915194421650096,0.102158166702402
"n500_d4_nbi_signal2","gamlss",500,4,"sigma",59,0.106818504355401,0.122709863753361
"n500_d4_nbi_signal2","ours_rs_joint",500,4,"sigma",59,0.0966281381302727,0.108531328167663
"n500_d4_nbi_signal2","gamlss",500,4,"sigma",60,0.167921099223614,0.204261569803966
"n500_d4_nbi_signal2","ours_rs_joint",500,4,"sigma",60,0.0920703888413962,0.128518404258691
"n500_d4_nbi_signal2","gamlss",500,4,"sigma",61,0.121030384724148,0.143462446353365
"n500_d4_nbi_signal2","ours_rs_joint",500,4,"sigma",61,0.0942598529152436,0.105621322800111
"n500_d4_nbi_signal2","gamlss",500,4,"sigma",62,0.119459319116287,0.158832913216032
"n500_d4_nbi_signal2","ours_rs_joint",500,4,"sigma",62,0.106281228134626,0.12807858911701
"n500_d4_nbi_signal2","gamlss",500,4,"sigma",63,0.13811039355795,0.184604190825765
"n500_d4_nbi_signal2","ours_rs_joint",500,4,"sigma",63,0.0714166389664502,0.091258934207403
"n500_d4_nbi_signal2","gamlss",500,4,"sigma",64,0.200715100520231,0.234379445185945
"n500_d4_nbi_signal2","ours_rs_joint",500,4,"sigma",64,0.174669671011024,0.214800533194562
"n500_d4_nbi_signal2","gamlss",500,4,"sigma",65,0.117011786879053,0.160442225721893
"n500_d4_nbi_signal2","ours_rs_joint",500,4,"sigma",65,0.0527138397935437,0.0764361202436415
"n500_d4_nbi_signal2","gamlss",500,4,"sigma",66,0.131564700497573,0.171052050183307
"n500_d4_nbi_signal2","ours_rs_joint",500,4,"sigma",66,0.120300578516158,0.137030909616465
"n500_d4_nbi_signal2","gamlss",500,4,"sigma",67,0.179113561790926,0.222632664713754
"n500_d4_nbi_signal2","ours_rs_joint",500,4,"sigma",67,0.182036518550677,0.213394136959945
"n500_d4_nbi_signal2","gamlss",500,4,"sigma",68,0.125989161256903,0.154316389624298
"n500_d4_nbi_signal2","ours_rs_joint",500,4,"sigma",68,0.0830694781039603,0.0957089140634545
"n500_d4_nbi_signal2","gamlss",500,4,"sigma",69,0.143141493546659,0.168860838007876
"n500_d4_nbi_signal2","ours_rs_joint",500,4,"sigma",69,0.070572358832233,0.0957132233832018
"n500_d4_nbi_signal2","gamlss",500,4,"sigma",70,0.203378360700636,0.237787604655185
"n500_d4_nbi_signal2","ours_rs_joint",500,4,"sigma",70,0.113639177624676,0.137818491837772
"n500_d4_nbi_signal2","gamlss",500,4,"sigma",71,0.134988863273481,0.160430416716766
"n500_d4_nbi_signal2","ours_rs_joint",500,4,"sigma",71,0.0764916615447193,0.0851233314953451
"n500_d4_nbi_signal2","gamlss",500,4,"sigma",72,0.165555096238142,0.19742248842009
"n500_d4_nbi_signal2","ours_rs_joint",500,4,"sigma",72,0.125453577213466,0.145745326166796
"n500_d4_nbi_signal2","gamlss",500,4,"sigma",73,0.159074073964218,0.195865293559181
"n500_d4_nbi_signal2","ours_rs_joint",500,4,"sigma",73,0.140334388545007,0.170269908783069
"n500_d4_nbi_signal2","gamlss",500,4,"sigma",74,0.188051321200932,0.219565749383702
"n500_d4_nbi_signal2","ours_rs_joint",500,4,"sigma",74,0.131399399013892,0.159509937514553
"n500_d4_nbi_signal2","gamlss",500,4,"sigma",75,0.152080867281972,0.180701619624848
"n500_d4_nbi_signal2","ours_rs_joint",500,4,"sigma",75,0.0578444417180799,0.072822674543468
"n500_d4_nbi_signal2","gamlss",500,4,"sigma",76,0.102312710314999,0.120639576230359
"n500_d4_nbi_signal2","ours_rs_joint",500,4,"sigma",76,0.0536478433780199,0.069061774740613
"n500_d4_nbi_signal2","gamlss",500,4,"sigma",77,0.120762641652077,0.148620607806274
"n500_d4_nbi_signal2","ours_rs_joint",500,4,"sigma",77,0.0709081200666479,0.0838625623115683
"n500_d4_nbi_signal2","gamlss",500,4,"sigma",78,0.116366604253706,0.141059911522633
"n500_d4_nbi_signal2","ours_rs_joint",500,4,"sigma",78,0.0776566870000963,0.0919493593758387
"n500_d4_nbi_signal2","gamlss",500,4,"sigma",79,0.163388528935085,0.195255943421736
"n500_d4_nbi_signal2","ours_rs_joint",500,4,"sigma",79,0.115463047211601,0.149905506097076
"n500_d4_nbi_signal2","gamlss",500,4,"sigma",80,0.0953853702292144,0.108825749037405
"n500_d4_nbi_signal2","ours_rs_joint",500,4,"sigma",80,0.0871993106442716,0.0983305672865949
"n500_d4_nbi_signal2","gamlss",500,4,"sigma",81,0.132915199718892,0.158538441743854
"n500_d4_nbi_signal2","ours_rs_joint",500,4,"sigma",81,0.105998523100763,0.12451142499462
"n500_d4_nbi_signal2","gamlss",500,4,"sigma",82,0.11256761387152,0.129874121753784
"n500_d4_nbi_signal2","ours_rs_joint",500,4,"sigma",82,0.060407226280326,0.0711252907019436
"n500_d4_nbi_signal2","gamlss",500,4,"sigma",83,0.135313960335646,0.158297401891435
"n500_d4_nbi_signal2","ours_rs_joint",500,4,"sigma",83,0.125279132991207,0.141882001574295
"n500_d4_nbi_signal2","gamlss",500,4,"sigma",84,0.152531071283372,0.170583693166352
"n500_d4_nbi_signal2","ours_rs_joint",500,4,"sigma",84,0.122244838863411,0.13665475630247
"n500_d4_nbi_signal2","gamlss",500,4,"sigma",85,0.145041303706306,0.162655810169107
"n500_d4_nbi_signal2","ours_rs_joint",500,4,"sigma",85,0.111818570186046,0.133231640477281
"n500_d4_nbi_signal2","gamlss",500,4,"sigma",86,0.136852447306893,0.162884242140356
"n500_d4_nbi_signal2","ours_rs_joint",500,4,"sigma",86,0.0986561165254147,0.111678618522442
"n500_d4_nbi_signal2","gamlss",500,4,"sigma",87,0.218752263473375,0.245380479274359
"n500_d4_nbi_signal2","ours_rs_joint",500,4,"sigma",87,0.187506270493684,0.212073677898454
"n500_d4_nbi_signal2","gamlss",500,4,"sigma",88,0.175311384294353,0.205558633367647
"n500_d4_nbi_signal2","ours_rs_joint",500,4,"sigma",88,0.130082089744886,0.147721883378963
"n500_d4_nbi_signal2","gamlss",500,4,"sigma",89,0.0884742334042233,0.114335638429447
"n500_d4_nbi_signal2","ours_rs_joint",500,4,"sigma",89,0.0557298987138436,0.0634650242037636
"n500_d4_nbi_signal2","gamlss",500,4,"sigma",90,0.0903465050796932,0.125278474828934
"n500_d4_nbi_signal2","ours_rs_joint",500,4,"sigma",90,0.0442741849297878,0.050700625338534
"n500_d4_nbi_signal2","gamlss",500,4,"sigma",91,0.182125975704804,0.205757981816371
"n500_d4_nbi_signal2","ours_rs_joint",500,4,"sigma",91,0.154947210081279,0.167954066204861
"n500_d4_nbi_signal2","gamlss",500,4,"sigma",92,0.12729904710026,0.180779962022872
"n500_d4_nbi_signal2","ours_rs_joint",500,4,"sigma",92,0.102567505660269,0.133401779801076
"n500_d4_nbi_signal2","gamlss",500,4,"sigma",93,0.126175364495015,0.149435232859028
"n500_d4_nbi_signal2","ours_rs_joint",500,4,"sigma",93,0.107030284745189,0.119117734114278
"n500_d4_nbi_signal2","gamlss",500,4,"sigma",94,0.0868818688943276,0.111920400365671
"n500_d4_nbi_signal2","ours_rs_joint",500,4,"sigma",94,0.0952538084932886,0.110407217855549
"n500_d4_nbi_signal2","gamlss",500,4,"sigma",95,0.103819378956222,0.119664645874941
"n500_d4_nbi_signal2","ours_rs_joint",500,4,"sigma",95,0.0799511724342805,0.087735261013109
"n500_d4_nbi_signal2","gamlss",500,4,"sigma",96,0.135389330326062,0.167449270781455
"n500_d4_nbi_signal2","ours_rs_joint",500,4,"sigma",96,0.0725417034455637,0.0838355978687637
"n500_d4_nbi_signal2","gamlss",500,4,"sigma",97,0.185405574764695,0.224310590863362
"n500_d4_nbi_signal2","ours_rs_joint",500,4,"sigma",97,0.169057093493163,0.203954546904863
"n500_d4_nbi_signal2","gamlss",500,4,"sigma",98,0.159397262374693,0.192538118629358
"n500_d4_nbi_signal2","ours_rs_joint",500,4,"sigma",98,0.0836208629388394,0.0966417146046332
"n500_d4_nbi_signal2","gamlss",500,4,"sigma",99,0.228249617022228,0.280807186487017
"n500_d4_nbi_signal2","ours_rs_joint",500,4,"sigma",99,0.0623693218953857,0.0741727778016447
"n500_d4_nbi_signal2","gamlss",500,4,"sigma",100,0.197212693752728,0.235273680274663
"n500_d4_nbi_signal2","ours_rs_joint",500,4,"sigma",100,0.144459854538245,0.168625630504571
"n500_d4_nbi_signal2","ours_rs_joint",500,4,"theta",1,0.0422281474265033,0.0509952741681196
"n500_d4_nbi_signal2","ours_rs_joint",500,4,"theta",2,0.0689842451100994,0.0820403001726908
"n500_d4_nbi_signal2","ours_rs_joint",500,4,"theta",3,0.0504845301815185,0.0689919098676675
"n500_d4_nbi_signal2","ours_rs_joint",500,4,"theta",4,0.071994192727948,0.082019616490514
"n500_d4_nbi_signal2","ours_rs_joint",500,4,"theta",5,0.051444343472307,0.0689472238244738
"n500_d4_nbi_signal2","ours_rs_joint",500,4,"theta",6,0.047425067750745,0.0553808725740897
"n500_d4_nbi_signal2","ours_rs_joint",500,4,"theta",7,0.0331685932108515,0.0421927808535167
"n500_d4_nbi_signal2","ours_rs_joint",500,4,"theta",8,0.056478976891394,0.0685970046175108
"n500_d4_nbi_signal2","ours_rs_joint",500,4,"theta",9,0.0452533855221048,0.053406491973088
"n500_d4_nbi_signal2","ours_rs_joint",500,4,"theta",10,0.0446476238895447,0.0548322367221572
"n500_d4_nbi_signal2","ours_rs_joint",500,4,"theta",11,0.0444061745406729,0.0677345622268987
"n500_d4_nbi_signal2","ours_rs_joint",500,4,"theta",12,0.0574807927108934,0.071296005690249
"n500_d4_nbi_signal2","ours_rs_joint",500,4,"theta",13,0.03656664384808,0.0468916350189906
"n500_d4_nbi_signal2","ours_rs_joint",500,4,"theta",14,0.0641005211780088,0.0887804014174835
"n500_d4_nbi_signal2","ours_rs_joint",500,4,"theta",15,0.0497126974677958,0.0607560440810062
"n500_d4_nbi_signal2","ours_rs_joint",500,4,"theta",16,0.079308202104836,0.112213895455475
"n500_d4_nbi_signal2","ours_rs_joint",500,4,"theta",17,0.0636949779382239,0.0770234728577144
"n500_d4_nbi_signal2","ours_rs_joint",500,4,"theta",18,0.0368233011866502,0.0478504836230296
"n500_d4_nbi_signal2","ours_rs_joint",500,4,"theta",19,0.0908297584284771,0.10458178895954
"n500_d4_nbi_signal2","ours_rs_joint",500,4,"theta",20,0.0896420427368628,0.101818460821931
"n500_d4_nbi_signal2","ours_rs_joint",500,4,"theta",21,0.0423015888566847,0.0512178155734881
"n500_d4_nbi_signal2","ours_rs_joint",500,4,"theta",22,0.0387238930694085,0.0554225065642767
"n500_d4_nbi_signal2","ours_rs_joint",500,4,"theta",23,0.0615180712660724,0.101602608640076
"n500_d4_nbi_signal2","ours_rs_joint",500,4,"theta",24,0.0894583056140669,0.0998314164490239
"n500_d4_nbi_signal2","ours_rs_joint",500,4,"theta",25,0.0253165777679063,0.0396426496742071
"n500_d4_nbi_signal2","ours_rs_joint",500,4,"theta",26,0.0371449134152195,0.0459725697816887
"n500_d4_nbi_signal2","ours_rs_joint",500,4,"theta",27,0.0503431019314094,0.0637735254917648
"n500_d4_nbi_signal2","ours_rs_joint",500,4,"theta",28,0.0601954861166191,0.0671180253991908
"n500_d4_nbi_signal2","ours_rs_joint",500,4,"theta",29,0.0925114150526997,0.112363534998997
"n500_d4_nbi_signal2","ours_rs_joint",500,4,"theta",30,0.0582514231602346,0.0659479054168512
"n500_d4_nbi_signal2","ours_rs_joint",500,4,"theta",31,0.0264844394396661,0.0348870140249094
"n500_d4_nbi_signal2","ours_rs_joint",500,4,"theta",32,0.055838524953009,0.0648740818039049
"n500_d4_nbi_signal2","ours_rs_joint",500,4,"theta",33,0.0427911204717193,0.0486663731870876
"n500_d4_nbi_signal2","ours_rs_joint",500,4,"theta",34,0.0746673088969203,0.100275696556515
"n500_d4_nbi_signal2","ours_rs_joint",500,4,"theta",35,0.0575355486085399,0.0658906923147927
"n500_d4_nbi_signal2","ours_rs_joint",500,4,"theta",36,0.0531796474858963,0.0827950004901236
"n500_d4_nbi_signal2","ours_rs_joint",500,4,"theta",37,0.035699972888019,0.0498007295127376
"n500_d4_nbi_signal2","ours_rs_joint",500,4,"theta",38,0.0466352720371061,0.0651408280816137
"n500_d4_nbi_signal2","ours_rs_joint",500,4,"theta",39,0.0451425964881887,0.0624018299809994
"n500_d4_nbi_signal2","ours_rs_joint",500,4,"theta",40,0.0484097321657715,0.0607840461873022
"n500_d4_nbi_signal2","ours_rs_joint",500,4,"theta",41,0.059861762536981,0.0802881716728057
"n500_d4_nbi_signal2","ours_rs_joint",500,4,"theta",42,0.0274436624495074,0.0308739987497015
"n500_d4_nbi_signal2","ours_rs_joint",500,4,"theta",43,0.0450376794091947,0.053978819283189
"n500_d4_nbi_signal2","ours_rs_joint",500,4,"theta",44,0.0512392289663172,0.0578678778217614
"n500_d4_nbi_signal2","ours_rs_joint",500,4,"theta",45,0.0419115046502798,0.050531125439986
"n500_d4_nbi_signal2","ours_rs_joint",500,4,"theta",46,0.0341742058785495,0.0385025163581731
"n500_d4_nbi_signal2","ours_rs_joint",500,4,"theta",47,0.0618394228729464,0.0780748359519457
"n500_d4_nbi_signal2","ours_rs_joint",500,4,"theta",48,0.0633879814934756,0.0712396309994569
"n500_d4_nbi_signal2","ours_rs_joint",500,4,"theta",49,0.0221684369281655,0.026338052597116
"n500_d4_nbi_signal2","ours_rs_joint",500,4,"theta",50,0.0326445147081926,0.0427033478566693
"n500_d4_nbi_signal2","ours_rs_joint",500,4,"theta",51,0.0637061172328081,0.080289939647284
"n500_d4_nbi_signal2","ours_rs_joint",500,4,"theta",52,0.090185076827826,0.103554115128755
"n500_d4_nbi_signal2","ours_rs_joint",500,4,"theta",53,0.0486624059269034,0.0574986292287778
"n500_d4_nbi_signal2","ours_rs_joint",500,4,"theta",54,0.0621814843026469,0.0820785997967153
"n500_d4_nbi_signal2","ours_rs_joint",500,4,"theta",55,0.0388514480629596,0.0465965612547428
"n500_d4_nbi_signal2","ours_rs_joint",500,4,"theta",56,0.0498252161854174,0.068907293579959
"n500_d4_nbi_signal2","ours_rs_joint",500,4,"theta",57,0.0192938326373168,0.0236179722181104
"n500_d4_nbi_signal2","ours_rs_joint",500,4,"theta",58,0.0297594921395802,0.0333657910180982
"n500_d4_nbi_signal2","ours_rs_joint",500,4,"theta",59,0.0494201299058221,0.0557913336296866
"n500_d4_nbi_signal2","ours_rs_joint",500,4,"theta",60,0.0375037524585065,0.0462528156832697
"n500_d4_nbi_signal2","ours_rs_joint",500,4,"theta",61,0.0513217135089249,0.0707723017172081
"n500_d4_nbi_signal2","ours_rs_joint",500,4,"theta",62,0.0648800428148977,0.069944569117862
"n500_d4_nbi_signal2","ours_rs_joint",500,4,"theta",63,0.0193536384761084,0.0252550673929041
"n500_d4_nbi_signal2","ours_rs_joint",500,4,"theta",64,0.06641960804852,0.0795724285671215
"n500_d4_nbi_signal2","ours_rs_joint",500,4,"theta",65,0.0693587044098742,0.0919335283852908
"n500_d4_nbi_signal2","ours_rs_joint",500,4,"theta",66,0.0733433651311722,0.0858481656066535
"n500_d4_nbi_signal2","ours_rs_joint",500,4,"theta",67,0.0456878292309197,0.0571615870856911
"n500_d4_nbi_signal2","ours_rs_joint",500,4,"theta",68,0.0601027240873116,0.0668650593127328
"n500_d4_nbi_signal2","ours_rs_joint",500,4,"theta",69,0.0305543100892942,0.0407720839493338
"n500_d4_nbi_signal2","ours_rs_joint",500,4,"theta",70,0.036130238100796,0.0419865397750601
"n500_d4_nbi_signal2","ours_rs_joint",500,4,"theta",71,0.0649831646326167,0.100789327848172
"n500_d4_nbi_signal2","ours_rs_joint",500,4,"theta",72,0.047521051326099,0.057822219124897
"n500_d4_nbi_signal2","ours_rs_joint",500,4,"theta",73,0.0491173553574338,0.0635438426013053
"n500_d4_nbi_signal2","ours_rs_joint",500,4,"theta",74,0.021963062832701,0.0270515247451375
"n500_d4_nbi_signal2","ours_rs_joint",500,4,"theta",75,0.0712793966137958,0.0914916913122542
"n500_d4_nbi_signal2","ours_rs_joint",500,4,"theta",76,0.0446588385097842,0.054040886194479
"n500_d4_nbi_signal2","ours_rs_joint",500,4,"theta",77,0.0320145130963129,0.0516091723665232
"n500_d4_nbi_signal2","ours_rs_joint",500,4,"theta",78,0.0518935538267414,0.0646886725327142
"n500_d4_nbi_signal2","ours_rs_joint",500,4,"theta",79,0.0479913246475532,0.0573116095669189
"n500_d4_nbi_signal2","ours_rs_joint",500,4,"theta",80,0.0212538823359927,0.0348024460937624
"n500_d4_nbi_signal2","ours_rs_joint",500,4,"theta",81,0.0431181653571122,0.0528793789511922
"n500_d4_nbi_signal2","ours_rs_joint",500,4,"theta",82,0.0268723112591269,0.0395088973859666
"n500_d4_nbi_signal2","ours_rs_joint",500,4,"theta",83,0.0543206179026164,0.0660717725281457
"n500_d4_nbi_signal2","ours_rs_joint",500,4,"theta",84,0.0589422743510921,0.066654302149087
"n500_d4_nbi_signal2","ours_rs_joint",500,4,"theta",85,0.0505307336819514,0.058363098476127
"n500_d4_nbi_signal2","ours_rs_joint",500,4,"theta",86,0.0620048066168852,0.0763414820673699
"n500_d4_nbi_signal2","ours_rs_joint",500,4,"theta",87,0.0509239703443354,0.0629612557519665
"n500_d4_nbi_signal2","ours_rs_joint",500,4,"theta",88,0.0472259475004865,0.05396950221375
"n500_d4_nbi_signal2","ours_rs_joint",500,4,"theta",89,0.0485303769615541,0.0547606628195279
"n500_d4_nbi_signal2","ours_rs_joint",500,4,"theta",90,0.0474284640926276,0.0542112291288514
"n500_d4_nbi_signal2","ours_rs_joint",500,4,"theta",91,0.0627467489853047,0.0693825966149092
"n500_d4_nbi_signal2","ours_rs_joint",500,4,"theta",92,0.0303329944226865,0.0367719889258121
"n500_d4_nbi_signal2","ours_rs_joint",500,4,"theta",93,0.0292845813082583,0.0335920184962294
"n500_d4_nbi_signal2","ours_rs_joint",500,4,"theta",94,0.0479356228277037,0.0623199887081707
"n500_d4_nbi_signal2","ours_rs_joint",500,4,"theta",95,0.0693209514800873,0.0876428599121809
"n500_d4_nbi_signal2","ours_rs_joint",500,4,"theta",96,0.039518721761808,0.0557455192613044
"n500_d4_nbi_signal2","ours_rs_joint",500,4,"theta",97,0.0531787987013333,0.0756020865937114
"n500_d4_nbi_signal2","ours_rs_joint",500,4,"theta",98,0.056945301314265,0.0687205705781898
"n500_d4_nbi_signal2","ours_rs_joint",500,4,"theta",99,0.0334185761784573,0.0437912823847181
"n500_d4_nbi_signal2","ours_rs_joint",500,4,"theta",100,0.0262400091050884,0.0353385461569317
