audit_id,item_type,current_draft_item,current_draft_section,current_reproduction_source,current_reproduction_status,recommended_action,jss_target_section,primary_data_status,notes
formal_001,formal,Preprint format and title,page 1,none,not_jss_style,needs-rerun,Submission package,not_applicable,Convert to JSS LaTeX style and use shorter title: gamlss.longitudinal: Longitudinal GAMLSS Models With Copula Dependence in R.
formal_002,formal,Unresolved citations with question marks,introduction and empirical example,none,unresolved,needs-rerun,Submission package,not_applicable,Resolve all citation keys before rendering; do not submit with literal question-mark citation artifacts.
formal_003,formal,Main manuscript length and simulation density,whole paper,none,review_risk,move-supplement,Validation and supplementary material,not_applicable,Target a concise main paper; move large simulation grids and algorithm derivations outside the main text.
formal_004,formal,Private RAND application data,module 06,paper/R/06-application-rand-doctor-visits.R,conditional_private_data,needs-rerun,Secondary example,private_or_conditional,Private-data analyses cannot be the primary JSS example unless reviewers receive accepted data access instructions.
claim_001,claim,Formula-based workflow for longitudinal GAMLSS margins with copula dependence,abstract/introduction,R/model-fit.R; vignettes/standard-workflow.Rmd; vignettes/native-simulation-workflow.Rmd,current,keep-main,Introduction and software design,no_private_data,Make this the central contribution rather than a secondary package note.
claim_002,claim,First-order D-vine/copula likelihood for longitudinal panels,statistical model,R/likelihood-evaluation*.R; R/likelihood-copula*.R; tests/testthat/test-p0-likelihood-*.R,current,keep-main,Statistical model,no_private_data,State exact likelihood assumptions and when the model is a simplified first-order dependence model.
claim_003,claim,Discrete response rectangle likelihood handling,statistical model,R/likelihood-copula-rectangle-*.R; tests/testthat/test-p0-discrete-rectangle-likelihood.R,current,keep-main,Statistical model and validation,no_private_data,Keep a short explanation in main text; move derivation detail to appendix.
claim_004,claim,Supported copula families and parameter links,statistical model,R/copula-backend-*.R; R/copula-family-links.R; tests/testthat/test-p0-copula-backend.R,current,keep-main,Software design,no_private_data,Present as implementation capability with a compact family table.
claim_005,claim,Joint optimization changes marginal inference versus independence GAMLSS,simulation,paper/R/01-simulation-bcpe-t.R; paper/R/02-simulation-delaporte-clayton.R; tests/testthat/test-p1-coverage-simulations.R,current,keep-main,Validation and performance,no_private_data,Keep one continuous and one discrete validation example.
claim_006,claim,Joint optimization versus separate optimization tradeoff,simulation,paper/R/03-joint-vs-separate-optimization.R,current,keep-main,Validation and performance,no_private_data,Use as optimizer guidance; move expanded design grid to supplementary material.
claim_007,claim,Sensitivity to first-order misspecification,simulation,paper/R/08-simulation-sensitivity-correlation-misspecification.R,current,keep-main,Validation and performance,no_private_data,Keep concise user guidance and a small table; expanded benchmark belongs outside main text.
claim_008,claim,Sensitivity to missingness and dropout,simulation,paper/R/04-missingness-dropout-sensitivity.R,stub,needs-rerun,Supplementary validation,no_private_data,Do not keep as a main-paper result until module 04 is final and manifest-current.
claim_009,claim,Gaussian-versus-Clayton misspecification affects Gamma-margin fit and dependence recovery,simulation,paper/R/07-gamma-copula-misspecification.R,current,keep-main,Validation and performance,no_private_data,Keep as a focused comparison of the two Phase-1-supported Gamma routes; do not generalize to untested copulas.
claim_010,claim,Package has diagnostics for marginal and dependence fit,software and example,R/diagnostics-*.R; R/plot-copula-diagnostics*.R; vignettes/diagnostics-decisions.Rmd,current,keep-main,Software design and worked workflow,no_private_data,Show with executable code in the primary example.
claim_011,claim,Package supports prediction and simulation from fitted models,software and example,R/model-predict*.R; R/model-simulate*.R; vignettes/simulator-usage.Rmd,current,keep-main,Software design and worked workflow,no_private_data,Include one prediction table and one simulation check in the worked example.
claim_012,claim,Package has reviewer-facing replication workflow,software and reproducibility,paper/replicate.R; paper/_targets.R; paper/manifest.csv; inst/jss-replication/README.md,partial,keep-main,Reproducibility,no_private_data,Make smoke and expanded profiles explicit with expected runtimes and skipped private-data policy.
fig_001,figure,Example simulated copula shapes,Figure 1,no exact manifest row,manual_or_missing,move-vignette,Background or vignette,no_private_data,Useful pedagogically but not essential as a main JSS result unless regenerated by replication script.
fig_002,figure,D-vine construction diagram,Figure 2,no exact manifest row,manual_or_missing,move-vignette,Statistical model,no_private_data,Keep only if redrawn in JSS style or generated from code.
fig_003,figure,BCPE/t fixed-effect recovery,Figure 3,fig_01_bcpe_t_fixed_effect_recovery,current,keep-main,Validation and performance,no_private_data,Candidate main validation figure.
fig_004,figure,BCPE/t smooth-effect recovery,Figure 4,fig_01_bcpe_t_smooth_effect_recovery,current,move-supplement,Supplementary validation,no_private_data,Keep main text concise; cite supplementary if needed.
fig_005,figure,Copula misspecification fit characteristics,Figure 5,fig_07_gamma_misspec_* rows,current,keep-main,Validation and performance,no_private_data,Condense to one summary plot or table.
fig_006,figure,Missingness smooth recovery,Figure 6,fig_04_missingness_dropout,stub,needs-rerun,Supplementary validation,no_private_data,Do not keep in main paper until final.
fig_011,figure,NBI/Clayton fixed-effect recovery,Figure 11,fig_02_delaporte_clayton_fixed_effect_recovery,current,keep-main,Validation and performance,no_private_data,Candidate discrete validation figure.
fig_012,figure,NBI/Clayton smooth-effect recovery,Figure 12,fig_02_delaporte_clayton_smooth_effect_recovery,current,move-supplement,Supplementary validation,no_private_data,Move to supplementary unless needed for narrative.
fig_013,figure,Missingness fixed-parameter recovery,Figure 13,fig_04_missingness_dropout,stub,needs-rerun,Supplementary validation,no_private_data,Do not keep in main paper until final.
fig_014,figure,Standard marginal diagnostics,Figure 14,diagnostics vignette or private application,partial,keep-main,Worked reproducible workflow,depends_on_example,Regenerate from the primary public/synthetic example rather than private application.
fig_015,figure,Joint distribution diagnostics,Figure 15,diagnostics vignette or private application,partial,keep-main,Worked reproducible workflow,depends_on_example,Regenerate from the primary public/synthetic example.
fig_017,figure,Tail co-occurrence normal versus t copula,Figure 17,fig_07_gamma_misspec_paper_summary or private application,partial,keep-main,Validation or worked workflow,no_private_data_preferred,Use copula misspecification module or public example rather than private data.
tab_001,table,Copula families included,Table 1,R/copula-family-links.R; R/copula-backend-family-map.R,current,keep-main,Software design,no_private_data,Convert to implementation-capability table.
tab_002,table,Copula functions and tail dependence,Table 2,R/copula-backend-*.R; references,partial,move-supplement,Statistical model,no_private_data,Keep shorter in main paper; move formulas if space is tight.
tab_003,table,BCPE/t fit and predictive characteristics,Table 3,tab_01_bcpe_t_fit_characteristics_csv; tab_01_bcpe_t_fit_characteristics_latex,current,keep-main,Validation and performance,no_private_data,Candidate main validation table.
tab_004,table,BCPE/t parameter recovery,Table 4,tab_01_bcpe_t_parameter_recovery_csv; tab_01_bcpe_t_parameter_recovery_latex,current,move-supplement,Supplementary validation,no_private_data,Keep a condensed coverage/recovery summary in main text.
tab_005,table,Joint versus separate optimization scenarios,Table 5,data_03_joint_vs_separate_candidates; tab_03_joint_vs_separate_summary,current,keep-main,Validation and performance,no_private_data,Use as optimizer guidance table.
tab_006,table,Normal-margin joint versus separate results,Table 6,tab_03_joint_vs_separate_summary; tab_03_joint_vs_separate_metric_wins,current,move-supplement,Supplementary validation,no_private_data,Condense all families into one main table.
tab_007,table,Gamma-margin joint versus separate results,Table 7,tab_03_joint_vs_separate_summary,current,move-supplement,Supplementary validation,no_private_data,Condense all families into one main table.
tab_008,table,Negative-binomial-margin joint versus separate results,Table 8,tab_03_joint_vs_separate_summary,current,move-supplement,Supplementary validation,no_private_data,Condense all families into one main table.
tab_009,table,Standard model benchmark scenarios,Table 9,tab_08_corr_misspec_scenario_design,current,keep-main,Validation and performance,no_private_data,Keep concise scenario design.
tab_010,table,AR(1) and exchangeable benchmark,Table 10,tab_08_corr_misspec_external,current,keep-main,Validation and performance,no_private_data,Use to state limitation under exchangeable correlation.
tab_011,table,Time-varying and covariate-dependent benchmark,Table 11,tab_08_corr_misspec_flexible,current,keep-main,Validation and performance,no_private_data,Use to support intended-use case.
tab_016,table,NBI/Clayton fit and predictive characteristics,Table 16,tab_02_delaporte_clayton_fit_characteristics_csv; tab_02_delaporte_clayton_fit_characteristics_latex,current,keep-main,Validation and performance,no_private_data,Candidate discrete validation table.
tab_017,table,NBI/Clayton parameter recovery,Table 17,tab_02_delaporte_clayton_parameter_recovery_csv; tab_02_delaporte_clayton_parameter_recovery_latex,current,move-supplement,Supplementary validation,no_private_data,Keep a condensed coverage/recovery summary in main text.
example_001,example,Minimal model fit code,simulation section and vignettes,vignettes/standard-workflow.Rmd; vignettes/native-simulation-workflow.Rmd,current,keep-main,Worked reproducible workflow,no_private_data,Use package-shipped or simulated data and keep runnable.
example_002,example,Distribution and copula selection workflow,empirical example,R/select-margin-*.R; R/copula-selection-*.R; vignettes/standard-workflow.Rmd,current,keep-main,Worked reproducible workflow,no_private_data,Show as the practical user path.
example_003,example,Diagnostics workflow,empirical example,vignettes/diagnostics-decisions.Rmd,current,keep-main,Worked reproducible workflow,no_private_data,Include code and one compact diagnostics figure.
example_004,example,Prediction and simulation workflow,empirical example,vignettes/simulator-usage.Rmd; R/model-predict*.R; R/model-simulate*.R,current,keep-main,Worked reproducible workflow,no_private_data,Include one prediction/simulation example in the main paper.
appendix_001,appendix,RS and CG algorithm details,Appendix A,R/optimizer-*.R; tests/testthat/test-p0-optimizer-*.R,current,move-supplement,Supplementary algorithms,no_private_data,Keep only user-facing optimizer guidance in main paper.
appendix_002,appendix,Variance-covariance calculations,Appendix B,R/model-vcov*.R; R/hessian-*.R; tests/testthat/test-p0-hessian-*.R,current,move-supplement,Supplementary algorithms,no_private_data,Main text should summarize validation and available methods.
appendix_003,appendix,Extra simulation appendices,Appendices C-E,paper/R/*.R; paper/notes/*.md,partial,move-supplement,Supplementary validation,no_private_data,Keep reproducible but not main-text heavy.
