"artifact_id","artifact_type","manuscript_path","manuscript_label","producer","profiles","input_bundle","access","publication_status","verification","approved_sha256","generated_path"
"fig_intro_copulas","figure","charts/intro - copula examples.png","fig:intro-copulas","public_workflow_figures","smoke|paper|full","seeded-public-simulation","public","active","dimensions_nonblank","8aafc74e08a84a16197c46abcce3023b4b031d5c9e072579303b362edd8cd34a","figures/intro - copula examples.png"
"fig_software_dist","figure","charts/software - plot_dist.png","fig:plot-dist","public_workflow_figures","smoke|paper|full","seeded-public-simulation","public","active","dimensions_nonblank","6709431e7d14bb12b6a39dec3bbae0c3f702efdc5d90e97297458644987b4621","figures/software - plot_dist.png"
"fig_software_copula","figure","charts/software - plot_copula_diagnostics.png","fig:copula-diagnostics","public_workflow_figures","smoke|paper|full","seeded-public-simulation","public","active","dimensions_nonblank","6d0c9b30c48415bc80ffa6f428a872da84e85e89b5d36f44b6cc9fde144df7ae","figures/software - plot_copula_diagnostics.png"
"fig_bcpe_fixed","figure","charts/paper_simulation_bcpe_t_fixed_effect_recovery.png","fig:bcpe-fixed","module_01_bcpe_t","paper|full","bcpe-t","public","active","dimensions_nonblank","95fc6977cb6091d53a7d281db4be39157e11b5cbe1c6c44e166cbc4fa8d12451","paper_simulation_bcpe_t_fixed_effect_recovery.png"
"fig_bcpe_smooth","figure","charts/paper_simulation_bcpe_t_smooth_effect_recovery.png","fig:bcpe-smooth","module_01_bcpe_t","paper|full","bcpe-t","public","active","dimensions_nonblank","ac97814de4c46b2e41124025507d5bf840a228f47d8dc264568e5e6a901a3762","paper_simulation_bcpe_t_smooth_effect_recovery.png"
"tab_bcpe_fit","table","tables/paper_simulation_bcpe_t_fit_characteristics","tab:bcpe-fit","module_01_bcpe_t","paper|full","bcpe-t","public","active","canonical_sha256","d3d04bd8ca8aafcda4572fd7c58535d0c7e765819d24f0152ec7c8d6da83f6a6","paper_simulation_bcpe_t_fit_characteristics.tex"
"tab_bcpe_recovery","table","tables/paper_simulation_bcpe_t_fixed_parameter_bias_rmse","tab:bcpe-recovery","module_01_bcpe_t","paper|full","bcpe-t","public","active","canonical_sha256","e22e1e4de017e35f2e49e0e94d5e4f1345247620b0cc3151c51d98ab22b59929","paper_simulation_bcpe_t_fixed_parameter_bias_rmse.tex"
"fig_nbi_fixed","figure","charts/paper_simulation_nbi_clayton_highsignal_fixed_effect_recovery.png","fig:nbi-fixed","module_02_nbi_clayton","paper|full","nbi-clayton","public","active","dimensions_nonblank","3aef40c51fb475466524220cc583fe0d0308d3dede7b0790b660d024b787f739","paper_simulation_nbi_clayton_highsignal_fixed_effect_recovery.png"
"fig_nbi_smooth","figure","charts/paper_simulation_nbi_clayton_highsignal_smooth_effect_recovery.png","fig:nbi-smooth","module_02_nbi_clayton","paper|full","nbi-clayton","public","active","dimensions_nonblank","bd60991c5c0c350c7362bbad52820cbaf236b3c5fe2922c19b328705604d3677","paper_simulation_nbi_clayton_highsignal_smooth_effect_recovery.png"
"tab_nbi_fit","table","tables/paper_simulation_nbi_clayton_highsignal_fit_characteristics","tab:nbi-fit","module_02_nbi_clayton","paper|full","nbi-clayton","public","active","canonical_sha256","e2d19e0eef9be571b12d77e6efd57a6daa4656e99824b80d68b25dd49a3d495d","paper_simulation_nbi_clayton_highsignal_fit_characteristics.tex"
"tab_nbi_recovery","table","tables/paper_simulation_nbi_clayton_highsignal_fixed_parameter_bias_rmse","tab:nbi-recovery","module_02_nbi_clayton","paper|full","nbi-clayton","public","active","canonical_sha256","91e6d88f808ee360927b115fb8eedbe9cb165476bec599db19c4d7eb00b805d1","paper_simulation_nbi_clayton_highsignal_fixed_parameter_bias_rmse.tex"
"tab_jvs_normal","table","tables/normal-joint-vs-separate-six-case-median-iqr-table","tab:jvs-normal","module_03_joint_vs_separate","paper|full","joint-vs-separate","public","active","canonical_sha256","1c1921ea8f92f459ebb826f45e33e073c9272a4b730abc74c0759e3b36bae799","tables/normal-joint-vs-separate-six-case-median-iqr-table.tex"
"tab_jvs_gamma","table","tables/gamma-joint-vs-separate-six-case-median-iqr-table","tab:jvs-gamma","module_03_joint_vs_separate","paper|full","joint-vs-separate","public","active","canonical_sha256","e2c1162eeaa1b97169b9cbbdf312147ecbd3e7a6904ce0be975ae45411a118d8","tables/gamma-joint-vs-separate-six-case-median-iqr-table.tex"
"tab_jvs_nbi","table","tables/negative-binomial-joint-vs-separate-six-case-median-iqr-table","tab:jvs-nbi","module_03_joint_vs_separate","paper|full","joint-vs-separate","public","active","canonical_sha256","2ee45d3295a93861eeff9d9664a698bfcadfa24368a9dc731df4804d00f861b0","tables/negative-binomial-joint-vs-separate-six-case-median-iqr-table.tex"
"fig_missing_fixed","figure","charts/fixed_margin_rmse_by_missingness.png","fig:missing-fixed","module_04_missingness","paper|full","missingness","public","active","dimensions_nonblank","0fdcba2f500b4f0d8ca323946b2f6d819b4f98dfb9a942fe6b896f4dd4cfd06b","figures/fixed_margin_rmse_by_missingness.png"
"fig_missing_smooth","figure","charts/smooth_selected_recovery_curves.png","fig:missing-smooth","module_04_missingness","paper|full","missingness","public","active","dimensions_nonblank","8ea6851e06c336fb4e6ae94907af62de2d6dd5130f243f4a8c273de3d361c0ba","figures/smooth_selected_recovery_curves.png"
"fig_copula_misspec","figure","charts/07-gamma-copula-misspecification-paper-summary-heatmap.png","fig:copula-misspec","module_07_copula_misspecification","paper|full","copula-misspecification","public","active","dimensions_nonblank","e7fa0841d92e00fec46baf8ad36e8cc51d83a5007391e938e09a786ecff4c5b7","figures/07-gamma-copula-misspecification-paper-summary-heatmap.png"
"tab_corr_design","table","tables/08-simulation-sensitivity-correlation-misspecification-scenario-design","tab:corr-design","module_08_correlation_misspecification","paper|full","correlation-misspecification","public","active","canonical_sha256","5f941aa8ace349da13ec7fa898e07e155ad41365b40a9f67d0f3f47e040029fb","tables/08-simulation-sensitivity-correlation-misspecification-scenario-design.tex"
"tab_corr_external","table","tables/08-simulation-sensitivity-correlation-misspecification-external-correlation","tab:corr-external","module_08_correlation_misspecification","paper|full","correlation-misspecification","public","active","canonical_sha256","9639f613d96ca3a59ada261c81144581c8432b9639ebe1f9663139f1e9e717f5","tables/08-simulation-sensitivity-correlation-misspecification-external-correlation.tex"
"tab_corr_flexible","table","tables/08-simulation-sensitivity-correlation-misspecification-flexible-correlation","tab:corr-flexible","module_08_correlation_misspecification","paper|full","correlation-misspecification","public","active","canonical_sha256","49dc67c96875726bbfb492751a68bc61122e46b48bef53595e20ba14be4ebb38","tables/08-simulation-sensitivity-correlation-misspecification-flexible-correlation.tex"
"fig_lipid_margin_compare","figure","charts/lipid margin fit comparison.png","fig:lipid-margin","private_lipid","","LIPID","private","active","approved_static_hash","3eb7222f1b35b61d6be1989edc2742bb36b505ac93e2a2ed6f70d7c507970792",""
"fig_lipid_copula_compare","figure","charts/lipid - fitted versus empirical copula.png","fig:lipid-copula","private_lipid","","LIPID","private","active","approved_static_hash","f074aa870d1e1eed35b69162fb19dcf0bab2241bc29458df1333f3a5287d4568",""
"fig_lipid_density","figure","charts/Observed v Fitted Density Treat v Control over time.png","fig:lipid-density","private_lipid","","LIPID","private","active","approved_static_hash","d8f565c4d2d945a95ed5ba1c98f5bae4ead67d3a226133def5646282c3db07e6",""
"fig_lipid_fit","figure","charts/Copula fit control v treatment.png","fig:lipid-fit","private_lipid","","LIPID","private","active","approved_static_hash","1bfdc4be50a14defcc6f9332a7c10c1660ce9ed60f4f0cb83f5e838e8640aa5d",""
"fig_lipid_margin_diag","figure","charts/lipid - margin diagnostics.png","fig:lipid-margin-diag","private_lipid","","LIPID","private","active","approved_static_hash","0c08a0e08209eec03aba543b2702d9a4917162ee25c39af5e9b6cfe32b862617",""
"fig_lipid_dependence_diag","figure","charts/lipid - dependence diagnostics.png","fig:lipid-dependence-diag","private_lipid","","LIPID","private","active","approved_static_hash","eb92938877d64a772d00897d9a9de684f247deccafe830201f24c41ba7a0fc45",""
"fig_lipid_terms","figure","lipid - term plot.png","fig:lipid-terms","private_lipid","","LIPID","private","active","approved_static_hash","49e08dc70d127af80e432419286879bb2d3bdc952ade8fdcd0e3cbea11e1fcac",""
"fig_lipid_tail","figure","charts/Tail co-occurrence.png","fig:lipid-tail","private_lipid","","LIPID","private","active","approved_static_hash","a348c7e651b8eda6e5fff47f0e7481fbef1b0154f141d92212281bcf603f18c3",""
"static_orcid","figure","orcid.pdf","static:orcid","static_nondata","","none","non-data-static","active","approved_static_hash","06e283aedd17de29af9549f052c87f6f56b3d3405bafc930059c39febca0854b",""
"inline_software_comparison","inline_table","inline:tab:r-software-comparison","tab:r-software-comparison","static_nondata","","none","non-data-static","active","manual","",""
"inline_copula_families","inline_table","inline:tab:copula_families","tab:copula_families","static_nondata","","none","non-data-static","active","manual","",""
"inline_copula_tail","inline_table","inline:tab:copula_functions_tail_dependence","tab:copula_functions_tail_dependence","static_nondata","","none","non-data-static","active","manual","",""
"inline_sim_design","inline_table","inline:tab:simulation-design","tab:simulation-design","module_01_bcpe_t","paper|full","bcpe-t|nbi-clayton","public","pending_externalization","manual_until_externalized","",""
"inline_optimizer_guidance","inline_table","inline:tab:optimizer-guidance","tab:optimizer-guidance","static_nondata","","none","non-data-static","active","manual","",""
"inline_sensitivity_guidance","inline_table","inline:tab:sensitivity-guidance","tab:sensitivity-guidance","static_nondata","","none","non-data-static","active","manual","",""
"inline_lipid_margin_screen","inline_table","inline:tab:marginal-screen","tab:marginal-screen","private_lipid","","LIPID","private","active","approved_static_provenance","",""
"inline_lipid_copula_screen","inline_table","inline:tab:copula-lik-selection","tab:copula-lik-selection","private_lipid","","LIPID","private","active","approved_static_provenance","",""
"inline_lipid_likelihood","inline_table","inline:tab:likelihood-comparison","tab:likelihood-comparison","private_lipid","","LIPID","private","active","approved_static_provenance","",""
"inline_lipid_coefficients","inline_table","inline:tab:covariate-estimates","tab:covariate-estimates","private_lipid","","LIPID","private","active","approved_static_provenance","",""
"inline_jvs_design","inline_table","inline:tab:sim_jvs_scenarios","tab:sim_jvs_scenarios","module_03_joint_vs_separate","paper|full","joint-vs-separate","public","pending_externalization","manual_until_externalized","",""
