"missing_mechanism","target_missing_rate","observed_missing_rate","complete_adjacent_pair_rate","model","parameter","mean_rmse","mean_abs_bias","mean_coverage_95","target_missing_pct"
"mar",0,0,1,"gamlss2","mu",0.015473882237185,0.00225082665222646,0.866666666666667,0
"time_mar",0,0,1,"gamlss2","mu",0.015473882237185,0.00225082665222646,0.866666666666667,0
"mar",0.1,0.099175,0.817933333333333,"gamlss2","mu",0.0162275236284664,0.00244415492205396,0.883333333333333,10
"time_mar",0.1,0.10285,0.833633333333333,"gamlss2","mu",0.0175794544128774,0.00237374096930698,0.85,10
"mar",0.2,0.200625,0.655166666666667,"gamlss2","mu",0.0155333746761481,0.00191867714621241,0.916666666666667,20
"time_mar",0.2,0.199325,0.683066666666667,"gamlss2","mu",0.0171757187656251,0.0019085715517952,0.85,20
"mar",0.3,0.30165,0.514,"gamlss2","mu",0.0193285170022365,0.00339585397782219,0.883333333333333,30
"time_mar",0.3,0.299425,0.543333333333333,"gamlss2","mu",0.0177729715171597,0.00433050156488578,0.9,30
"mar",0.4,0.398625,0.398133333333333,"gamlss2","mu",0.0211506232068888,0.00398426065939427,0.866666666666667,40
"time_mar",0.4,0.396325,0.413766666666667,"gamlss2","mu",0.0177768248923828,0.00300619328808967,0.866666666666667,40
"mar",0.5,0.500025,0.283,"gamlss2","mu",0.023618877108697,0.00350911765920058,0.866666666666667,50
"time_mar",0.5,0.502,0.292466666666667,"gamlss2","mu",0.0207985568795089,0.00291932655822093,0.833333333333333,50
"mar",0,0,1,"gamlss.longitudinal","mu",0.0154454135296064,0.0023484623995129,0.9,0
"time_mar",0,0,1,"gamlss.longitudinal","mu",0.0154454135296064,0.0023484623995129,0.9,0
"mar",0.1,0.099175,0.817933333333333,"gamlss.longitudinal","mu",0.0167718791507013,0.00513820830861084,0.944444444444444,10
"time_mar",0.1,0.10285,0.833633333333333,"gamlss.longitudinal","mu",0.0169928808137213,0.00325480896683609,0.923076923076923,10
"mar",0.2,0.200625,0.655166666666667,"gamlss.longitudinal","mu",0.0161683531973615,0.00394092094683514,0.916666666666667,20
"time_mar",0.2,0.199325,0.683066666666667,"gamlss.longitudinal","mu",0.0149792028143347,0.00947708045876396,0.944444444444444,20
"mar",0.3,0.30165,0.514,"gamlss.longitudinal","mu",0.0214544484290669,0.00209153054090365,0.866666666666667,30
"time_mar",0.3,0.299425,0.543333333333333,"gamlss.longitudinal","mu",0.0191989862522528,0.00663757893985977,0.866666666666667,30
"mar",0.4,0.398625,0.398133333333333,"gamlss.longitudinal","mu",0.0198311380246706,0.00389926971483051,0.901960784313726,40
"time_mar",0.4,0.396325,0.413766666666667,"gamlss.longitudinal","mu",0.0145978915491259,0.00344969832520409,1,40
"mar",0.5,0.500025,0.283,"gamlss.longitudinal","mu",0.0211775150788847,0.00135677000574917,0.929824561403509,50
"time_mar",0.5,0.502,0.292466666666667,"gamlss.longitudinal","mu",0.0181988002216225,0.00226876291841303,0.96078431372549,50
"mar",0,0,1,"gamlss2","nu",0.113990126054356,0.0194779923148415,0.866666666666667,0
"time_mar",0,0,1,"gamlss2","nu",0.113990126054356,0.0194779923148415,0.866666666666667,0
"mar",0.1,0.099175,0.817933333333333,"gamlss2","nu",0.113143085937376,0.0271648578301501,0.933333333333333,10
"time_mar",0.1,0.10285,0.833633333333333,"gamlss2","nu",0.122175258007068,0.0137056754229882,0.85,10
"mar",0.2,0.200625,0.655166666666667,"gamlss2","nu",0.122848612562765,0.0202519722932019,0.9,20
"time_mar",0.2,0.199325,0.683066666666667,"gamlss2","nu",0.121104746255957,0.012104812927482,0.916666666666667,20
"mar",0.3,0.30165,0.514,"gamlss2","nu",0.136339339231232,0.00674732622097787,0.9,30
"time_mar",0.3,0.299425,0.543333333333333,"gamlss2","nu",0.14002613721352,0.0217533040256435,0.883333333333333,30
"mar",0.4,0.398625,0.398133333333333,"gamlss2","nu",0.143174036922534,0.0156613363134331,0.95,40
"time_mar",0.4,0.396325,0.413766666666667,"gamlss2","nu",0.145708942267037,0.0184984528537019,0.883333333333333,40
"mar",0.5,0.500025,0.283,"gamlss2","nu",0.153784238819886,0.028921822080829,0.95,50
"time_mar",0.5,0.502,0.292466666666667,"gamlss2","nu",0.171681298700135,0.0411685359592875,0.933333333333333,50
"mar",0,0,1,"gamlss.longitudinal","nu",0.076871677924924,0.0188770187082382,0.966666666666667,0
"time_mar",0,0,1,"gamlss.longitudinal","nu",0.076871677924924,0.0188770187082382,0.966666666666667,0
"mar",0.1,0.099175,0.817933333333333,"gamlss.longitudinal","nu",0.0789417515514093,0.0356563916478296,0.972222222222222,10
"time_mar",0.1,0.10285,0.833633333333333,"gamlss.longitudinal","nu",0.0967044389625822,0.033026741811663,0.897435897435897,10
"mar",0.2,0.200625,0.655166666666667,"gamlss.longitudinal","nu",0.0924824050397739,0.0451451295176834,1,20
"time_mar",0.2,0.199325,0.683066666666667,"gamlss.longitudinal","nu",0.109432454980077,0.0451093693263857,0.833333333333333,20
"mar",0.3,0.30165,0.514,"gamlss.longitudinal","nu",0.0828284372050636,0.0373709080325813,1,30
"time_mar",0.3,0.299425,0.543333333333333,"gamlss.longitudinal","nu",0.135098558736062,0.0536679955607808,0.8,30
"mar",0.4,0.398625,0.398133333333333,"gamlss.longitudinal","nu",0.129943193894896,0.0342067510030958,0.941176470588235,40
"time_mar",0.4,0.396325,0.413766666666667,"gamlss.longitudinal","nu",0.135711312017531,0.0355449181979392,0.916666666666667,40
"mar",0.5,0.500025,0.283,"gamlss.longitudinal","nu",0.13208674492218,0.0314072390787068,0.947368421052632,50
"time_mar",0.5,0.502,0.292466666666667,"gamlss.longitudinal","nu",0.140025839355116,0.0404584264792157,0.980392156862745,50
"mar",0,0,1,"gamlss2","sigma",0.0388940217543949,0.00282025776909536,0.85,0
"time_mar",0,0,1,"gamlss2","sigma",0.0388940217543949,0.00282025776909536,0.85,0
"mar",0.1,0.099175,0.817933333333333,"gamlss2","sigma",0.0410354972525091,0.00360048549151742,0.85,10
"time_mar",0.1,0.10285,0.833633333333333,"gamlss2","sigma",0.0400803556548541,0.00285818131684922,0.866666666666667,10
"mar",0.2,0.200625,0.655166666666667,"gamlss2","sigma",0.0420881225519797,0.00168898203751394,0.9,20
"time_mar",0.2,0.199325,0.683066666666667,"gamlss2","sigma",0.0409482346266488,0.00270592090548252,0.916666666666667,20
"mar",0.3,0.30165,0.514,"gamlss2","sigma",0.044635448559859,0.00691046891153365,0.883333333333333,30
"time_mar",0.3,0.299425,0.543333333333333,"gamlss2","sigma",0.0445228986561974,0.00491864427719091,0.883333333333333,30
"mar",0.4,0.398625,0.398133333333333,"gamlss2","sigma",0.0495953169855546,0.00310474374000939,0.916666666666667,40
"time_mar",0.4,0.396325,0.413766666666667,"gamlss2","sigma",0.0482423779092354,0.00540275610175878,0.916666666666667,40
"mar",0.5,0.500025,0.283,"gamlss2","sigma",0.056207846641656,0.0154694961364771,0.9,50
"time_mar",0.5,0.502,0.292466666666667,"gamlss2","sigma",0.0583194002170212,0.00818168287904264,0.916666666666667,50
"mar",0,0,1,"gamlss.longitudinal","sigma",0.0352561414971754,0.00382166320715166,0.966666666666667,0
"time_mar",0,0,1,"gamlss.longitudinal","sigma",0.0352561414971754,0.00382166320715166,0.966666666666667,0
"mar",0.1,0.099175,0.817933333333333,"gamlss.longitudinal","sigma",0.0362649119196309,0.00434254559278156,0.972222222222222,10
"time_mar",0.1,0.10285,0.833633333333333,"gamlss.longitudinal","sigma",0.0366687800259062,0.00638318102962337,0.974358974358974,10
"mar",0.2,0.200625,0.655166666666667,"gamlss.longitudinal","sigma",0.0361551433475729,0.00927917414277585,0.958333333333333,20
"time_mar",0.2,0.199325,0.683066666666667,"gamlss.longitudinal","sigma",0.0385925909462381,0.00751215504346866,1,20
"mar",0.3,0.30165,0.514,"gamlss.longitudinal","sigma",0.0447138359825453,0.00454691533616978,0.933333333333333,30
"time_mar",0.3,0.299425,0.543333333333333,"gamlss.longitudinal","sigma",0.0459165347897557,0.0231037681508044,0.933333333333333,30
"mar",0.4,0.398625,0.398133333333333,"gamlss.longitudinal","sigma",0.0474729946578613,0.00512336507027869,0.96078431372549,40
"time_mar",0.4,0.396325,0.413766666666667,"gamlss.longitudinal","sigma",0.05292382204477,0.00961483758237467,0.916666666666667,40
"mar",0.5,0.500025,0.283,"gamlss.longitudinal","sigma",0.0490397583696471,0.0149688461721888,1,50
"time_mar",0.5,0.502,0.292466666666667,"gamlss.longitudinal","sigma",0.0563481722335722,0.00970113420286174,0.92156862745098,50
"mar",0,0,1,"gamlss2","tau",0.104110673237841,0.0352307724090483,0.866666666666667,0
"time_mar",0,0,1,"gamlss2","tau",0.104110673237841,0.0352307724090483,0.866666666666667,0
"mar",0.1,0.099175,0.817933333333333,"gamlss2","tau",0.120796361038349,0.0310688602398073,0.9,10
"time_mar",0.1,0.10285,0.833633333333333,"gamlss2","tau",0.126496612037283,0.0373339839857603,0.9,10
"mar",0.2,0.200625,0.655166666666667,"gamlss2","tau",0.113400570037569,0.0367971328498237,0.916666666666667,20
"time_mar",0.2,0.199325,0.683066666666667,"gamlss2","tau",0.121320785794189,0.0292605884201445,0.933333333333333,20
"mar",0.3,0.30165,0.514,"gamlss2","tau",0.14459177667553,0.0406161121469076,0.916666666666667,30
"time_mar",0.3,0.299425,0.543333333333333,"gamlss2","tau",0.132718357773822,0.035457247767316,0.95,30
"mar",0.4,0.398625,0.398133333333333,"gamlss2","tau",0.130966180580749,0.0169502756542117,0.966666666666667,40
"time_mar",0.4,0.396325,0.413766666666667,"gamlss2","tau",0.161364421649424,0.0609556198240083,0.933333333333333,40
"mar",0.5,0.500025,0.283,"gamlss2","tau",0.133638212243098,0.0365286540537295,0.933333333333333,50
"time_mar",0.5,0.502,0.292466666666667,"gamlss2","tau",0.153489817418269,0.0325259108175768,0.916666666666667,50
"mar",0,0,1,"gamlss.longitudinal","tau",0.0683054109040506,0.012060262218992,0.983333333333333,0
"time_mar",0,0,1,"gamlss.longitudinal","tau",0.0683054109040506,0.012060262218992,0.983333333333333,0
"mar",0.1,0.099175,0.817933333333333,"gamlss.longitudinal","tau",0.0840552500815666,0.033894028323584,0.944444444444444,10
"time_mar",0.1,0.10285,0.833633333333333,"gamlss.longitudinal","tau",0.0859550525594242,0.0226203741188438,0.948717948717949,10
"mar",0.2,0.200625,0.655166666666667,"gamlss.longitudinal","tau",0.0959795593535847,0.0154083395759138,1,20
"time_mar",0.2,0.199325,0.683066666666667,"gamlss.longitudinal","tau",0.0869616800240562,0.0301934688816673,0.944444444444444,20
"mar",0.3,0.30165,0.514,"gamlss.longitudinal","tau",0.126610792367586,0.0253686873751692,0.933333333333333,30
"time_mar",0.3,0.299425,0.543333333333333,"gamlss.longitudinal","tau",0.110678739112544,0.0131747008466896,0.933333333333333,30
"mar",0.4,0.398625,0.398133333333333,"gamlss.longitudinal","tau",0.10836071793362,0.012801839584096,0.980392156862745,40
"time_mar",0.4,0.396325,0.413766666666667,"gamlss.longitudinal","tau",0.129420342994397,0.0287328286396939,0.875,40
"mar",0.5,0.500025,0.283,"gamlss.longitudinal","tau",0.120667601689319,0.0375907303795803,0.964912280701754,50
"time_mar",0.5,0.502,0.292466666666667,"gamlss.longitudinal","tau",0.161797947398816,0.043850199630525,0.941176470588235,50
"mar",0,0,1,"gamlss.longitudinal","theta",0.0644970919563519,0.00857831973338472,0.966666666666667,0
"time_mar",0,0,1,"gamlss.longitudinal","theta",0.0644970919563519,0.00857831973338472,0.966666666666667,0
"mar",0.1,0.099175,0.817933333333333,"gamlss.longitudinal","theta",0.0667130042610835,0.0177495724128381,0.944444444444444,10
"time_mar",0.1,0.10285,0.833633333333333,"gamlss.longitudinal","theta",0.0738290152975051,0.00349225717926957,0.948717948717949,10
"mar",0.2,0.200625,0.655166666666667,"gamlss.longitudinal","theta",0.0832000453768167,0.0333044741567379,1,20
"time_mar",0.2,0.199325,0.683066666666667,"gamlss.longitudinal","theta",0.0855649320461609,0.0160293123688079,0.944444444444444,20
"mar",0.3,0.30165,0.514,"gamlss.longitudinal","theta",0.116150601103694,0.0458894717830611,0.866666666666667,30
"time_mar",0.3,0.299425,0.543333333333333,"gamlss.longitudinal","theta",0.0839152625696533,0.0258188225841538,1,30
"mar",0.4,0.398625,0.398133333333333,"gamlss.longitudinal","theta",0.0952430085498362,0.0117216005492654,0.96078431372549,40
"time_mar",0.4,0.396325,0.413766666666667,"gamlss.longitudinal","theta",0.0921738956786955,0.0158049173432952,0.916666666666667,40
"mar",0.5,0.500025,0.283,"gamlss.longitudinal","theta",0.12258273902922,0.0125229213808474,0.964912280701754,50
"time_mar",0.5,0.502,0.292466666666667,"gamlss.longitudinal","theta",0.141224565198973,0.0130171247594644,0.92156862745098,50
"mar",0,0,1,"gamlss.longitudinal","zeta",1.20845254213913,0.179392667079151,0.983333333333333,0
"time_mar",0,0,1,"gamlss.longitudinal","zeta",1.20845254213913,0.179392667079151,0.983333333333333,0
"mar",0.1,0.099175,0.817933333333333,"gamlss.longitudinal","zeta",1.18440025541612,0.172227301848799,1,10
"time_mar",0.1,0.10285,0.833633333333333,"gamlss.longitudinal","zeta",1.53556876419365,0.178795017561834,0.974358974358974,10
"mar",0.2,0.200625,0.655166666666667,"gamlss.longitudinal","zeta",1.81220291594097,0.933904708447709,1,20
"time_mar",0.2,0.199325,0.683066666666667,"gamlss.longitudinal","zeta",2.58629931157049,0.534064099200468,0.833333333333333,20
"mar",0.3,0.30165,0.514,"gamlss.longitudinal","zeta",0.107154005359671,0.107145082682966,1,30
"time_mar",0.3,0.299425,0.543333333333333,"gamlss.longitudinal","zeta",0.96708961909593,0.526838447496638,1,30
"mar",0.4,0.398625,0.398133333333333,"gamlss.longitudinal","zeta",0.10735678604257,0.105805209780485,1,40
"time_mar",0.4,0.396325,0.413766666666667,"gamlss.longitudinal","zeta",0.108680320026878,0.108670133003324,1,40
"mar",0.5,0.500025,0.283,"gamlss.longitudinal","zeta",0.107151744800859,0.107021539542094,1,50
"time_mar",0.5,0.502,0.292466666666667,"gamlss.longitudinal","zeta",0.117563600967348,0.112875146994178,1,50
